run_id,batch_id,transaction_timestamp,payment_id,amount,card_network,card_isin,status,label,payment_type,co_badged_card_networks,is_eligible_for_debit_routing,saving_percentage,is_debit_routed,is_regulated
8ad09564-3cd7-4419-9b22-8c4b11786c27,1,2025-06-18T09:30:22.634Z,pay_66fGiIVuIWxM9bc1bSMv,1,Visa,411111,succeeded,Not Co-badged Debit,debit,N/A,No,0,No,N/A
8ad09564-3cd7-4419-9b22-8c4b11786c27,1,2025-06-18T09:30:25.096Z,pay_yknntPtJbP917g5cP9Bo,80,Accel,440000,succeeded,Regulated Debit,debit,"ACCEL, STAR, VISA",Yes,0.11,Yes,true
8ad09564-3cd7-4419-9b22-8c4b11786c27,1,2025-06-18T09:30:26.885Z,pay_aCyGMpt3FftPkan17q5M,48,Accel,440000,succeeded,Regulated Debit,debit,"ACCEL, STAR, VISA",Yes,0.1,Yes,true
8ad09564-3cd7-4419-9b22-8c4b11786c27,1,2025-06-18T09:30:28.688Z,pay_PVgPdnvRjsgV9IyUvapc,10,Visa,400003,succeeded,Global Cheaper (Special),debit,"VISA, PULSE, NYCE",Yes,0,No,false
8ad09564-3cd7-4419-9b22-8c4b11786c27,1,2025-06-18T09:30:30.836Z,pay_jubhE1NRXOpyOL4G7ohi,15,Star,440000,succeeded,Regulated Debit,debit,"STAR, ACCEL, VISA",Yes,0.07,Yes,true
8ad09564-3cd7-4419-9b22-8c4b11786c27,1,2025-06-18T09:30:32.626Z,pay_DjKNdDmiAVUHY7xasqYu,68,Accel,440000,succeeded,Regulated Debit,debit,"ACCEL, STAR, VISA",Yes,0.11,Yes,true
8ad09564-3cd7-4419-9b22-8c4b11786c27,1,2025-06-18T09:30:34.481Z,pay_L6khepgKj2Lxo8arxn52,48,Accel,440000,succeeded,Regulated Debit,debit,"ACCEL, STAR, VISA",Yes,0.1,Yes,true
8ad09564-3cd7-4419-9b22-8c4b11786c27,1,2025-06-18T09:30:36.697Z,pay_vXxa8V4wFWT75ydL5IAB,82,Mastercard,555555,succeeded,Credit,credit,N/A,No,0,No,N/A
8ad09564-3cd7-4419-9b22-8c4b11786c27,1,2025-06-18T09:30:38.809Z,pay_S1lw9iIh7q3ShO4Ofz7P,38,Visa,411111,succeeded,Not Co-badged Debit,debit,N/A,No,0,No,N/A
8ad09564-3cd7-4419-9b22-8c4b11786c27,1,2025-06-18T09:30:40.620Z,pay_4KehLruEpeAXsuKgGlP7,38,Accel,440000,succeeded,Regulated Debit,debit,"ACCEL, STAR, VISA",Yes,0.08,Yes,true
8ad09564-3cd7-4419-9b22-8c4b11786c27,2,2025-06-18T09:30:22.635Z,N/A,39,N/A,N/A,"FAILED_HS_HTTP_HTTP 429: ""<!DOCTYPE html>\n<html>\n<head>\n  <title>Rate Limit Exceeded</title>\n</head>\n<body>\n  <h1>Rate Limit Exceeded</h1>\n  <p>Too Many Requests - You have exceeded the rate limit. Please try again aft",Unregulated Debit (Special),debit,N/A,No,0,N/A,N/A
8ad09564-3cd7-4419-9b22-8c4b11786c27,2,2025-06-18T09:30:23.879Z,pay_4tupRnuER1Hr6cEx67Bo,10,Visa,400003,succeeded,Global Cheaper (Special),debit,"VISA, PULSE, NYCE",Yes,0,No,false
8ad09564-3cd7-4419-9b22-8c4b11786c27,2,2025-06-18T09:30:26.570Z,pay_QFr6bO2vXYpRcpcV4JPv,96,Accel,440000,succeeded,Regulated Debit,debit,"ACCEL, STAR, VISA",Yes,0.12,Yes,true
8ad09564-3cd7-4419-9b22-8c4b11786c27,2,2025-06-18T09:30:28.586Z,pay_81eEzEJG65aLdHhQ71V6,72,Mastercard,555555,succeeded,Credit,credit,N/A,No,0,No,N/A
8ad09564-3cd7-4419-9b22-8c4b11786c27,2,2025-06-18T09:30:30.167Z,pay_Q1KpqeNC4gO2dbhYLnIr,8,Mastercard,555555,succeeded,Credit,credit,N/A,No,0,No,N/A
8ad09564-3cd7-4419-9b22-8c4b11786c27,2,2025-06-18T09:30:31.748Z,pay_WZDAeI08B7fzUR8NRhLN,94,Accel,440000,succeeded,Regulated Debit,debit,"ACCEL, STAR, VISA",Yes,0.12,Yes,true
8ad09564-3cd7-4419-9b22-8c4b11786c27,2,2025-06-18T09:30:33.704Z,pay_DkoliUSKHCRBdfmkssc5,100,Accel,440000,succeeded,Regulated Debit,debit,"ACCEL, STAR, VISA",Yes,0.12,Yes,true
8ad09564-3cd7-4419-9b22-8c4b11786c27,2,2025-06-18T09:30:35.585Z,pay_qI7x1I7z4ok8By3Ync9l,83,Accel,440000,succeeded,Regulated Debit,debit,"ACCEL, STAR, VISA",Yes,0.11,Yes,true
8ad09564-3cd7-4419-9b22-8c4b11786c27,2,2025-06-18T09:30:37.614Z,pay_SRkcigzTzWyjJVktfazL,56,Accel,440000,succeeded,Regulated Debit,debit,"ACCEL, STAR, VISA",Yes,0.1,Yes,true
8ad09564-3cd7-4419-9b22-8c4b11786c27,2,2025-06-18T09:30:39.475Z,pay_B2dXAU31zXO8D20voRro,22,Accel,500251,succeeded,Unregulated Debit,debit,"ACCEL, STAR, MASTERCARD",Yes,0.75,Yes,false
8ad09564-3cd7-4419-9b22-8c4b11786c27,3,2025-06-18T09:30:22.636Z,pay_ZEujvEzcj7dgzZqIgRaa,89,Accel,440000,succeeded,Regulated Debit,debit,"ACCEL, STAR, VISA",Yes,0.12,Yes,true
8ad09564-3cd7-4419-9b22-8c4b11786c27,3,2025-06-18T09:30:26.501Z,pay_chaLsu5opAyjnaY2v7g2,76,Accel,500251,succeeded,Unregulated Debit,debit,"ACCEL, STAR, MASTERCARD",Yes,0.39,Yes,false
8ad09564-3cd7-4419-9b22-8c4b11786c27,3,2025-06-18T09:30:28.635Z,pay_4SUPiocjIrk6HuBegsBP,66,Accel,440000,succeeded,Regulated Debit,debit,"ACCEL, STAR, VISA",Yes,0.11,Yes,true
8ad09564-3cd7-4419-9b22-8c4b11786c27,3,2025-06-18T09:30:30.855Z,pay_7HsUV8k7btE6F7arF18b,70,Accel,500251,succeeded,Unregulated Debit,debit,"ACCEL, STAR, MASTERCARD",Yes,0.41,Yes,false
8ad09564-3cd7-4419-9b22-8c4b11786c27,3,2025-06-18T09:30:32.673Z,pay_R93zEYUjBcMx7zrnP3TG,39,Accel,440000,succeeded,Regulated Debit,debit,"ACCEL, STAR, VISA",Yes,0.09,Yes,true
8ad09564-3cd7-4419-9b22-8c4b11786c27,3,2025-06-18T09:30:34.543Z,pay_0MMirPlncSqVxB8S4ZI0,24,Star,440000,succeeded,Regulated Debit,debit,"STAR, ACCEL, VISA",Yes,0.06,Yes,true
8ad09564-3cd7-4419-9b22-8c4b11786c27,3,2025-06-18T09:30:36.856Z,pay_mSfM2tAC3uXi98wOGdOm,47,Visa,411111,succeeded,Not Co-badged Debit,debit,N/A,No,0,No,N/A
8ad09564-3cd7-4419-9b22-8c4b11786c27,3,2025-06-18T09:30:38.925Z,pay_ACLYjN5Wp068QdIRdsSN,61,Accel,500251,succeeded,Unregulated Debit,debit,"ACCEL, STAR, MASTERCARD",Yes,0.43,Yes,false
8ad09564-3cd7-4419-9b22-8c4b11786c27,3,2025-06-18T09:30:40.668Z,pay_wAgQK8sb8pbr7I5TG6to,6,Star,440000,succeeded,Regulated Debit,debit,"STAR, VISA, ACCEL",Yes,0.12,Yes,true
8ad09564-3cd7-4419-9b22-8c4b11786c27,3,2025-06-18T09:30:42.562Z,pay_w8SucjWru0LyMblAw17Q,5,Star,440000,succeeded,Regulated Debit,debit,"STAR, VISA, ACCEL",Yes,0.14,Yes,true
8ad09564-3cd7-4419-9b22-8c4b11786c27,4,2025-06-18T09:30:22.637Z,pay_GcDeDnJiTbD2PWEGMEhx,28,Accel,440000,succeeded,Regulated Debit,debit,"ACCEL, STAR, VISA",Yes,0.07,Yes,true
8ad09564-3cd7-4419-9b22-8c4b11786c27,4,2025-06-18T09:30:26.127Z,pay_uZU0g6ryqPa7WlQq1Z6j,55,Accel,440000,succeeded,Regulated Debit,debit,"ACCEL, STAR, VISA",Yes,0.1,Yes,true
8ad09564-3cd7-4419-9b22-8c4b11786c27,4,2025-06-18T09:30:28.025Z,pay_zzbkTIObSGeKcx7aJuIM,10,Star,440000,succeeded,Regulated Debit,debit,"STAR, VISA, ACCEL",Yes,0.09,Yes,true
8ad09564-3cd7-4419-9b22-8c4b11786c27,4,2025-06-18T09:30:29.917Z,pay_XRh23vL6G9f6A7ONKPNQ,49,Accel,440000,succeeded,Regulated Debit,debit,"ACCEL, STAR, VISA",Yes,0.1,Yes,true
8ad09564-3cd7-4419-9b22-8c4b11786c27,4,2025-06-18T09:30:32.032Z,pay_q5NvPBmNKaAtJw2eLHmp,31,Nyce,400003,succeeded,Unregulated Debit (Special),debit,"NYCE, PULSE, VISA",Yes,0.2,Yes,false
8ad09564-3cd7-4419-9b22-8c4b11786c27,4,2025-06-18T09:30:33.737Z,pay_4NyzAcM6PcmMZCou0ilx,20,Visa,411111,succeeded,Not Co-badged Debit,debit,N/A,No,0,No,N/A
8ad09564-3cd7-4419-9b22-8c4b11786c27,4,2025-06-18T09:30:35.529Z,pay_f1EDy5PsQmvndEzwJdQ5,69,Accel,440000,succeeded,Regulated Debit,debit,"ACCEL, STAR, VISA",Yes,0.11,Yes,true
8ad09564-3cd7-4419-9b22-8c4b11786c27,4,2025-06-18T09:30:37.290Z,pay_TpAV73Lg6JWWOoJEPbae,28,Nyce,400003,succeeded,Unregulated Debit (Special),debit,"NYCE, PULSE, VISA",Yes,0.18,Yes,false
8ad09564-3cd7-4419-9b22-8c4b11786c27,4,2025-06-18T09:30:39.221Z,pay_hn2WbaxetnrqvkW00S2Z,84,Accel,500251,succeeded,Unregulated Debit,debit,"ACCEL, STAR, MASTERCARD",Yes,0.38,Yes,false
8ad09564-3cd7-4419-9b22-8c4b11786c27,4,2025-06-18T09:30:41.341Z,pay_UkvPVcR1HOwsPlAmu6Pz,74,Nyce,400003,succeeded,Unregulated Debit (Special),debit,"NYCE, PULSE, VISA",Yes,0.31,Yes,false
8ad09564-3cd7-4419-9b22-8c4b11786c27,5,2025-06-18T09:30:22.639Z,pay_Q6dC233Ii5beSxvr5cq5,71,Mastercard,555555,succeeded,Credit,credit,N/A,No,0,No,N/A
8ad09564-3cd7-4419-9b22-8c4b11786c27,5,2025-06-18T09:30:25.145Z,pay_6t6rp0DGknxvwhaIqvjk,29,Accel,500251,succeeded,Unregulated Debit,debit,"ACCEL, STAR, MASTERCARD",Yes,0.63,Yes,false
8ad09564-3cd7-4419-9b22-8c4b11786c27,5,2025-06-18T09:30:26.989Z,pay_FFoNTIAZzfT5Kar9KErj,85,Accel,440000,succeeded,Regulated Debit,debit,"ACCEL, STAR, VISA",Yes,0.11,Yes,true
8ad09564-3cd7-4419-9b22-8c4b11786c27,5,2025-06-18T09:30:28.766Z,pay_0pIRIRkHstIysEaPf9Jj,53,Accel,440000,succeeded,Regulated Debit,debit,"ACCEL, STAR, VISA",Yes,0.1,Yes,true
8ad09564-3cd7-4419-9b22-8c4b11786c27,5,2025-06-18T09:30:30.913Z,pay_ewjvOArvv2zW5xorYFnz,37,Accel,440000,succeeded,Regulated Debit,debit,"ACCEL, STAR, VISA",Yes,0.08,Yes,true
8ad09564-3cd7-4419-9b22-8c4b11786c27,5,2025-06-18T09:30:32.639Z,pay_5pdf0sgVdXnh9JzIsyuv,71,Accel,440000,succeeded,Regulated Debit,debit,"ACCEL, STAR, VISA",Yes,0.11,Yes,true
8ad09564-3cd7-4419-9b22-8c4b11786c27,5,2025-06-18T09:30:34.580Z,pay_CDzO6CRBj9FJC9xp5leE,22,Star,440000,succeeded,Regulated Debit,debit,"STAR, ACCEL, VISA",Yes,0.06,Yes,true
8ad09564-3cd7-4419-9b22-8c4b11786c27,5,2025-06-18T09:30:36.846Z,pay_5NbZkT1jcy35PdJCcf0h,15,Pulse,400003,succeeded,Unregulated Debit (Special),debit,"PULSE, VISA, NYCE",Yes,0.02,Yes,false
8ad09564-3cd7-4419-9b22-8c4b11786c27,5,2025-06-18T09:30:38.964Z,pay_7VSYBnADkK2kpEUK5pgI,40,Mastercard,555555,succeeded,Credit,credit,N/A,No,0,No,N/A
8ad09564-3cd7-4419-9b22-8c4b11786c27,5,2025-06-18T09:30:40.598Z,pay_gbyPSOo9mB3ghVxHekfk,92,Visa,411111,succeeded,Not Co-badged Debit,debit,N/A,No,0,No,N/A
8ad09564-3cd7-4419-9b22-8c4b11786c27,6,2025-06-18T09:30:22.640Z,N/A,32,N/A,N/A,"FAILED_HS_HTTP_HTTP 429: ""<!DOCTYPE html>\n<html>\n<head>\n  <title>Rate Limit Exceeded</title>\n</head>\n<body>\n  <h1>Rate Limit Exceeded</h1>\n  <p>Too Many Requests - You have exceeded the rate limit. Please try again aft",Regulated Debit,debit,N/A,No,0,N/A,N/A
8ad09564-3cd7-4419-9b22-8c4b11786c27,6,2025-06-18T09:30:23.880Z,pay_FpG7etSEj3NckGzOFNHC,36,Accel,440000,succeeded,Regulated Debit,debit,"ACCEL, STAR, VISA",Yes,0.08,Yes,true
8ad09564-3cd7-4419-9b22-8c4b11786c27,6,2025-06-18T09:30:26.547Z,pay_eFaCy1R8VWJdMG5d0Uzn,45,Accel,500251,succeeded,Unregulated Debit,debit,"ACCEL, STAR, MASTERCARD",Yes,0.49,Yes,false
8ad09564-3cd7-4419-9b22-8c4b11786c27,6,2025-06-18T09:30:28.544Z,pay_XKTRSP68DdzIkksy7xpT,78,Accel,500251,succeeded,Unregulated Debit,debit,"ACCEL, STAR, MASTERCARD",Yes,0.39,Yes,false
8ad09564-3cd7-4419-9b22-8c4b11786c27,6,2025-06-18T09:30:30.469Z,pay_0J0PEcjvpwW5XZwb9crJ,46,Mastercard,555555,succeeded,Credit,credit,N/A,No,0,No,N/A
8ad09564-3cd7-4419-9b22-8c4b11786c27,6,2025-06-18T09:30:32.391Z,pay_Dnx2Dh7VDP3XRWJtmWKf,48,Mastercard,555555,succeeded,Credit,credit,N/A,No,0,No,N/A
8ad09564-3cd7-4419-9b22-8c4b11786c27,6,2025-06-18T09:30:34.219Z,pay_ybbxyT0iesL3GUtqQfU2,66,Visa,411111,succeeded,Not Co-badged Debit,debit,N/A,No,0,No,N/A
8ad09564-3cd7-4419-9b22-8c4b11786c27,6,2025-06-18T09:30:35.996Z,pay_PJvvFboRq3zlBG7gInBi,63,Accel,500251,succeeded,Unregulated Debit,debit,"ACCEL, STAR, MASTERCARD",Yes,0.42,Yes,false
8ad09564-3cd7-4419-9b22-8c4b11786c27,6,2025-06-18T09:30:37.803Z,pay_sGile6FCkAylwZlnBwO7,82,Accel,440000,succeeded,Regulated Debit,debit,"ACCEL, STAR, VISA",Yes,0.11,Yes,true
8ad09564-3cd7-4419-9b22-8c4b11786c27,6,2025-06-18T09:30:39.498Z,pay_Ob6wWhUinVEzT3iFFQLe,97,Mastercard,555555,succeeded,Credit,credit,N/A,No,0,No,N/A
8ad09564-3cd7-4419-9b22-8c4b11786c27,7,2025-06-18T09:30:22.643Z,pay_Eq7udACQNBiLV40SjMvk,8,Visa,411111,succeeded,Not Co-badged Debit,debit,N/A,No,0,No,N/A
8ad09564-3cd7-4419-9b22-8c4b11786c27,7,2025-06-18T09:30:26.545Z,pay_6KESCMZ3iIqI7tF3yTJa,22,Mastercard,555555,succeeded,Credit,credit,N/A,No,0,No,N/A
8ad09564-3cd7-4419-9b22-8c4b11786c27,7,2025-06-18T09:30:28.357Z,pay_LJl05l7K93UZuB8j5Jqi,41,Accel,440000,succeeded,Regulated Debit,debit,"ACCEL, STAR, VISA",Yes,0.09,Yes,true
8ad09564-3cd7-4419-9b22-8c4b11786c27,7,2025-06-18T09:30:30.282Z,pay_ULaYC8z3YYyHoZCsYYtx,8,Star,440000,succeeded,Regulated Debit,debit,"STAR, VISA, ACCEL",Yes,0.1,Yes,true
8ad09564-3cd7-4419-9b22-8c4b11786c27,7,2025-06-18T09:30:32.381Z,pay_wiDFmh8Bx4SItidTfH5q,84,Accel,440000,succeeded,Regulated Debit,debit,"ACCEL, STAR, VISA",Yes,0.11,Yes,true
8ad09564-3cd7-4419-9b22-8c4b11786c27,7,2025-06-18T09:30:34.483Z,pay_1UhZpwvdho5JqjY3B1pF,18,Accel,500251,succeeded,Unregulated Debit,debit,"ACCEL, STAR, MASTERCARD",Yes,0.86,Yes,false
8ad09564-3cd7-4419-9b22-8c4b11786c27,7,2025-06-18T09:30:36.736Z,pay_wZodVZ4aVi0qYpAvdKXD,9,Star,440000,succeeded,Regulated Debit,debit,"STAR, VISA, ACCEL",Yes,0.09,Yes,true
8ad09564-3cd7-4419-9b22-8c4b11786c27,7,2025-06-18T09:30:38.823Z,pay_pK1ordAmcWQKyyZm0zFR,91,Accel,440000,succeeded,Regulated Debit,debit,"ACCEL, STAR, VISA",Yes,0.12,Yes,true
8ad09564-3cd7-4419-9b22-8c4b11786c27,7,2025-06-18T09:30:40.671Z,pay_xXx2SEVx6QAIC1iLcLRo,87,Nyce,400003,succeeded,Unregulated Debit (Special),debit,"NYCE, PULSE, VISA",Yes,0.32,Yes,false
8ad09564-3cd7-4419-9b22-8c4b11786c27,7,2025-06-18T09:30:42.460Z,pay_n90c3RSN6y05ikZlwlPM,12,Mastercard,555555,succeeded,Credit,credit,N/A,No,0,No,N/A
8ad09564-3cd7-4419-9b22-8c4b11786c27,8,2025-06-18T09:30:22.644Z,pay_WfcnmoLEtMdGLLT6Jz7J,14,Star,440000,succeeded,Regulated Debit,debit,"STAR, VISA, ACCEL",Yes,0.07,Yes,true
8ad09564-3cd7-4419-9b22-8c4b11786c27,8,2025-06-18T09:30:25.718Z,pay_6hMfwHzHUjH4sT40YAax,6,Star,440000,succeeded,Regulated Debit,debit,"STAR, VISA, ACCEL",Yes,0.12,Yes,true
8ad09564-3cd7-4419-9b22-8c4b11786c27,8,2025-06-18T09:30:27.552Z,pay_yryiVnGsxNKlna9TYwOT,53,Accel,440000,succeeded,Regulated Debit,debit,"ACCEL, STAR, VISA",Yes,0.1,Yes,true
8ad09564-3cd7-4419-9b22-8c4b11786c27,8,2025-06-18T09:30:29.281Z,pay_RvVhKVxmJCXBlEtekKQw,12,Star,440000,succeeded,Regulated Debit,debit,"STAR, VISA, ACCEL",Yes,0.08,Yes,true
8ad09564-3cd7-4419-9b22-8c4b11786c27,8,2025-06-18T09:30:30.974Z,pay_LsUCtwvk7HAnBpFqujl6,66,Accel,440000,succeeded,Regulated Debit,debit,"ACCEL, STAR, VISA",Yes,0.11,Yes,true
8ad09564-3cd7-4419-9b22-8c4b11786c27,8,2025-06-18T09:30:32.770Z,pay_pMjS2Fjg48bBEIUp5CLC,93,Mastercard,555555,succeeded,Credit,credit,N/A,No,0,No,N/A
8ad09564-3cd7-4419-9b22-8c4b11786c27,8,2025-06-18T09:30:34.485Z,pay_a3Pj2yXi5FHakdFlYxY9,19,Visa,411111,succeeded,Not Co-badged Debit,debit,N/A,No,0,No,N/A
8ad09564-3cd7-4419-9b22-8c4b11786c27,8,2025-06-18T09:30:36.712Z,pay_t7UQt5PrJMvUQ5qPJPeQ,95,Accel,440000,succeeded,Regulated Debit,debit,"ACCEL, STAR, VISA",Yes,0.12,Yes,true
8ad09564-3cd7-4419-9b22-8c4b11786c27,8,2025-06-18T09:30:38.868Z,pay_XrhBHO0XKCnwPEpfSDAb,34,Visa,411111,succeeded,Not Co-badged Debit,debit,N/A,No,0,No,N/A
8ad09564-3cd7-4419-9b22-8c4b11786c27,8,2025-06-18T09:30:40.695Z,pay_32QEtfCFd7OmsCMR7JQc,81,Accel,440000,succeeded,Regulated Debit,debit,"ACCEL, STAR, VISA",Yes,0.11,Yes,true
8ad09564-3cd7-4419-9b22-8c4b11786c27,9,2025-06-18T09:30:22.645Z,pay_iSgFSMfG369tEUBekAna,41,Accel,440000,succeeded,Regulated Debit,debit,"ACCEL, STAR, VISA",Yes,0.09,Yes,true
8ad09564-3cd7-4419-9b22-8c4b11786c27,9,2025-06-18T09:30:25.195Z,pay_u2fHsWkYAQfTOZu0qy4W,26,Visa,411111,succeeded,Not Co-badged Debit,debit,N/A,No,0,No,N/A
8ad09564-3cd7-4419-9b22-8c4b11786c27,9,2025-06-18T09:30:27.202Z,pay_U1e7tvuogyJDOo9u01np,82,Visa,411111,succeeded,Not Co-badged Debit,debit,N/A,No,0,No,N/A
8ad09564-3cd7-4419-9b22-8c4b11786c27,9,2025-06-18T09:30:28.963Z,pay_ozJTOaYcQZ3qVzSmkOw7,95,Accel,440000,succeeded,Regulated Debit,debit,"ACCEL, STAR, VISA",Yes,0.12,Yes,true
8ad09564-3cd7-4419-9b22-8c4b11786c27,9,2025-06-18T09:30:31.052Z,pay_0pjNgLrPDj1TbpeZXcxE,40,Accel,440000,succeeded,Regulated Debit,debit,"ACCEL, STAR, VISA",Yes,0.09,Yes,true
8ad09564-3cd7-4419-9b22-8c4b11786c27,9,2025-06-18T09:30:32.841Z,pay_7351f2yHDu3Dco3MrePJ,47,Visa,411111,succeeded,Not Co-badged Debit,debit,N/A,No,0,No,N/A
8ad09564-3cd7-4419-9b22-8c4b11786c27,9,2025-06-18T09:30:34.635Z,pay_2HImBBZQUCIs53HNofHt,73,Visa,411111,succeeded,Not Co-badged Debit,debit,N/A,No,0,No,N/A
8ad09564-3cd7-4419-9b22-8c4b11786c27,9,2025-06-18T09:30:36.701Z,pay_zXHcJlFqTqe5VKVeIsTV,99,Accel,500251,succeeded,Unregulated Debit,debit,"ACCEL, STAR, MASTERCARD",Yes,0.36,Yes,false
8ad09564-3cd7-4419-9b22-8c4b11786c27,9,2025-06-18T09:30:38.466Z,pay_NKa0q4qn77ULNbVfyUDH,90,Visa,411111,succeeded,Not Co-badged Debit,debit,N/A,No,0,No,N/A
8ad09564-3cd7-4419-9b22-8c4b11786c27,9,2025-06-18T09:30:40.405Z,pay_RVKGZq2xQDB8TkFjDNs8,5,Star,440000,succeeded,Regulated Debit,debit,"STAR, VISA, ACCEL",Yes,0.14,Yes,true
8ad09564-3cd7-4419-9b22-8c4b11786c27,10,2025-06-18T09:30:22.646Z,pay_o5XE2UjLFHVL8HAjbHoz,2,Accel,500251,succeeded,Unregulated Debit,debit,"ACCEL, STAR, MASTERCARD",Yes,5.75,Yes,false
8ad09564-3cd7-4419-9b22-8c4b11786c27,10,2025-06-18T09:30:26.491Z,pay_2VdZKhycZuJO5ZbTLEFv,9,Accel,500251,succeeded,Unregulated Debit,debit,"ACCEL, STAR, MASTERCARD",Yes,1.47,Yes,false
8ad09564-3cd7-4419-9b22-8c4b11786c27,10,2025-06-18T09:30:28.444Z,pay_ex3fYpNPf3YFFcG8a4rT,27,Accel,500251,succeeded,Unregulated Debit,debit,"ACCEL, STAR, MASTERCARD",Yes,0.66,Yes,false
8ad09564-3cd7-4419-9b22-8c4b11786c27,10,2025-06-18T09:30:30.370Z,pay_3ZR8Q7WYrlx4T3YOs0YQ,45,Accel,500251,succeeded,Unregulated Debit,debit,"ACCEL, STAR, MASTERCARD",Yes,0.49,Yes,false
8ad09564-3cd7-4419-9b22-8c4b11786c27,10,2025-06-18T09:30:32.302Z,pay_fmAEVd0wV38E3H0mL1yn,1,Accel,500251,succeeded,Unregulated Debit,debit,"ACCEL, STAR, MASTERCARD",Yes,11.25,Yes,false
8ad09564-3cd7-4419-9b22-8c4b11786c27,10,2025-06-18T09:30:34.351Z,pay_VBCqf8k5NWaMsqD7BTHy,15,Star,440000,succeeded,Regulated Debit,debit,"STAR, ACCEL, VISA",Yes,0.07,Yes,true
8ad09564-3cd7-4419-9b22-8c4b11786c27,10,2025-06-18T09:30:36.248Z,pay_VQrT0PDJSUQFpzSs3BTS,73,Accel,440000,succeeded,Regulated Debit,debit,"ACCEL, STAR, VISA",Yes,0.11,Yes,true
8ad09564-3cd7-4419-9b22-8c4b11786c27,10,2025-06-18T09:30:38.148Z,pay_XxCSZp40wSnjndEDbqPO,11,Star,440000,succeeded,Regulated Debit,debit,"STAR, VISA, ACCEL",Yes,0.08,Yes,true
8ad09564-3cd7-4419-9b22-8c4b11786c27,10,2025-06-18T09:30:39.772Z,pay_rhcCWGnOLm3pNbgLuNji,17,Star,440000,succeeded,Regulated Debit,debit,"STAR, ACCEL, VISA",Yes,0.07,Yes,true
8ad09564-3cd7-4419-9b22-8c4b11786c27,10,2025-06-18T09:30:41.539Z,pay_V6xM2RFeqm71gRIH5R9j,33,Accel,440000,succeeded,Regulated Debit,debit,"ACCEL, STAR, VISA",Yes,0.08,Yes,true
8ad09564-3cd7-4419-9b22-8c4b11786c27,11,2025-06-18T09:30:22.647Z,pay_SXHd9azVkjPTGPTqX3Zv,73,Accel,440000,succeeded,Regulated Debit,debit,"ACCEL, STAR, VISA",Yes,0.11,Yes,true
8ad09564-3cd7-4419-9b22-8c4b11786c27,11,2025-06-18T09:30:25.846Z,pay_dZrPbIMkLwr6qFKiRnam,56,Mastercard,555555,succeeded,Credit,credit,N/A,No,0,No,N/A
8ad09564-3cd7-4419-9b22-8c4b11786c27,11,2025-06-18T09:30:27.514Z,pay_9y1mpCLa2rCq9yiI0QAP,28,Accel,440000,succeeded,Regulated Debit,debit,"ACCEL, STAR, VISA",Yes,0.07,Yes,true
8ad09564-3cd7-4419-9b22-8c4b11786c27,11,2025-06-18T09:30:29.365Z,pay_umdCkcD4mvAUTRnj8VUd,92,Accel,500251,succeeded,Unregulated Debit,debit,"ACCEL, STAR, MASTERCARD",Yes,0.37,Yes,false
8ad09564-3cd7-4419-9b22-8c4b11786c27,11,2025-06-18T09:30:31.361Z,pay_1xhU22GaAKQ6KpanjB0s,14,Visa,411111,succeeded,Not Co-badged Debit,debit,N/A,No,0,No,N/A
8ad09564-3cd7-4419-9b22-8c4b11786c27,11,2025-06-18T09:30:33.364Z,pay_cbxyM739VqprphsmddYQ,25,Visa,411111,succeeded,Not Co-badged Debit,debit,N/A,No,0,No,N/A
8ad09564-3cd7-4419-9b22-8c4b11786c27,11,2025-06-18T09:30:35.317Z,pay_KApTXS25l5SJ1CRjwmaR,34,Accel,440000,succeeded,Regulated Debit,debit,"ACCEL, STAR, VISA",Yes,0.08,Yes,true
8ad09564-3cd7-4419-9b22-8c4b11786c27,11,2025-06-18T09:30:37.496Z,pay_RSmg4Umds36ibeZB1KTQ,92,Mastercard,555555,succeeded,Credit,credit,N/A,No,0,No,N/A
8ad09564-3cd7-4419-9b22-8c4b11786c27,11,2025-06-18T09:30:39.456Z,pay_RBxFqg5M6PxjjpVCdY3n,6,Star,440000,succeeded,Regulated Debit,debit,"STAR, VISA, ACCEL",Yes,0.12,Yes,true
8ad09564-3cd7-4419-9b22-8c4b11786c27,11,2025-06-18T09:30:41.931Z,pay_WgSvY9T1RXg59Ku8eo0a,25,Mastercard,555555,succeeded,Credit,credit,N/A,No,0,No,N/A
8ad09564-3cd7-4419-9b22-8c4b11786c27,12,2025-06-18T09:30:22.648Z,pay_CXBSs6ps50BwZVuCBQwR,60,Mastercard,555555,succeeded,Credit,credit,N/A,No,0,No,N/A
8ad09564-3cd7-4419-9b22-8c4b11786c27,12,2025-06-18T09:30:25.097Z,pay_j7Y9TiRp01UNbjP6KNs4,70,Accel,440000,succeeded,Regulated Debit,debit,"ACCEL, STAR, VISA",Yes,0.11,Yes,true
8ad09564-3cd7-4419-9b22-8c4b11786c27,12,2025-06-18T09:30:26.883Z,pay_Y7xQ4mdTMJu9E9Vl9uwK,59,Accel,440000,succeeded,Regulated Debit,debit,"ACCEL, STAR, VISA",Yes,0.1,Yes,true
8ad09564-3cd7-4419-9b22-8c4b11786c27,12,2025-06-18T09:30:28.620Z,pay_1IxCwh1QsW7ZbmLyZx5j,19,Star,440000,succeeded,Regulated Debit,debit,"STAR, ACCEL, VISA",Yes,0.06,Yes,true
8ad09564-3cd7-4419-9b22-8c4b11786c27,12,2025-06-18T09:30:30.507Z,pay_FZz4jpjm5y2mXT1uKD50,78,Accel,440000,succeeded,Regulated Debit,debit,"ACCEL, STAR, VISA",Yes,0.11,Yes,true
8ad09564-3cd7-4419-9b22-8c4b11786c27,12,2025-06-18T09:30:32.511Z,pay_oK27ncuTRyUhNvBQRfkZ,8,Star,440000,succeeded,Regulated Debit,debit,"STAR, VISA, ACCEL",Yes,0.1,Yes,true
8ad09564-3cd7-4419-9b22-8c4b11786c27,12,2025-06-18T09:30:34.542Z,pay_sSrJcjUPog2PuM2a940y,99,Accel,440000,succeeded,Regulated Debit,debit,"ACCEL, STAR, VISA",Yes,0.12,Yes,true
8ad09564-3cd7-4419-9b22-8c4b11786c27,12,2025-06-18T09:30:36.746Z,pay_5dO38f3G7J2LxxjKjTxz,28,Nyce,400003,succeeded,Unregulated Debit (Special),debit,"NYCE, PULSE, VISA",Yes,0.18,Yes,false
8ad09564-3cd7-4419-9b22-8c4b11786c27,12,2025-06-18T09:30:38.382Z,pay_L1BEPZQWrkvkYhVXTdi4,73,Accel,440000,succeeded,Regulated Debit,debit,"ACCEL, STAR, VISA",Yes,0.11,Yes,true
8ad09564-3cd7-4419-9b22-8c4b11786c27,12,2025-06-18T09:30:40.001Z,pay_fg1hT11oFvmf7cVBowPW,67,Accel,440000,succeeded,Regulated Debit,debit,"ACCEL, STAR, VISA",Yes,0.11,Yes,true
8ad09564-3cd7-4419-9b22-8c4b11786c27,13,2025-06-18T09:30:22.648Z,pay_RzXKETfQpW9BDmYCoFoP,61,Accel,440000,succeeded,Regulated Debit,debit,"ACCEL, STAR, VISA",Yes,0.1,Yes,true
8ad09564-3cd7-4419-9b22-8c4b11786c27,13,2025-06-18T09:30:25.486Z,pay_GhhxNAV515u447Sv7eIB,5,Visa,411111,succeeded,Not Co-badged Debit,debit,N/A,No,0,No,N/A
8ad09564-3cd7-4419-9b22-8c4b11786c27,13,2025-06-18T09:30:27.340Z,pay_SXVuBHYVtDU4ReWU1BdP,20,Nyce,400003,succeeded,Unregulated Debit (Special),debit,"NYCE, PULSE, VISA",Yes,0.1,Yes,false
8ad09564-3cd7-4419-9b22-8c4b11786c27,13,2025-06-18T09:30:29.111Z,pay_NpAZCHihiZh1GKcMwb4k,88,Mastercard,555555,succeeded,Credit,credit,N/A,No,0,No,N/A
8ad09564-3cd7-4419-9b22-8c4b11786c27,13,2025-06-18T09:30:31.165Z,pay_fSdCUOovTggBRh9z2iZs,67,Accel,440000,succeeded,Regulated Debit,debit,"ACCEL, STAR, VISA",Yes,0.11,Yes,true
8ad09564-3cd7-4419-9b22-8c4b11786c27,13,2025-06-18T09:30:33.362Z,pay_zLK9EORaXhYSTC4HSmJz,30,Accel,440000,succeeded,Regulated Debit,debit,"ACCEL, STAR, VISA",Yes,0.07,Yes,true
8ad09564-3cd7-4419-9b22-8c4b11786c27,13,2025-06-18T09:30:35.280Z,pay_JxZAEqpVkeS1ZjNPSmfw,21,Nyce,400003,succeeded,Unregulated Debit (Special),debit,"NYCE, PULSE, VISA",Yes,0.11,Yes,false
8ad09564-3cd7-4419-9b22-8c4b11786c27,13,2025-06-18T09:30:37.292Z,pay_jDPqGAfvJY0C7cssbDZu,80,Accel,440000,succeeded,Regulated Debit,debit,"ACCEL, STAR, VISA",Yes,0.11,Yes,true
8ad09564-3cd7-4419-9b22-8c4b11786c27,13,2025-06-18T09:30:39.157Z,pay_3w9z10MlZVxxX1PCiXaD,66,Nyce,400003,succeeded,Unregulated Debit (Special),debit,"NYCE, PULSE, VISA",Yes,0.3,Yes,false
8ad09564-3cd7-4419-9b22-8c4b11786c27,13,2025-06-18T09:30:41.266Z,pay_hwT9HVWztzFwVNayi4yq,25,Nyce,400003,succeeded,Unregulated Debit (Special),debit,"NYCE, PULSE, VISA",Yes,0.16,Yes,false
8ad09564-3cd7-4419-9b22-8c4b11786c27,14,2025-06-18T09:30:22.649Z,N/A,93,N/A,N/A,"FAILED_HS_HTTP_HTTP 429: ""<!DOCTYPE html>\n<html>\n<head>\n  <title>Rate Limit Exceeded</title>\n</head>\n<body>\n  <h1>Rate Limit Exceeded</h1>\n  <p>Too Many Requests - You have exceeded the rate limit. Please try again aft",Unregulated Debit (Special),debit,N/A,No,0,N/A,N/A
8ad09564-3cd7-4419-9b22-8c4b11786c27,14,2025-06-18T09:30:23.888Z,pay_ZyM4qnfyiDyEu9LNzWo4,6,Visa,411111,succeeded,Not Co-badged Debit,debit,N/A,No,0,No,N/A
8ad09564-3cd7-4419-9b22-8c4b11786c27,14,2025-06-18T09:30:25.739Z,pay_7tdwdKLxeVePRaf5TIMB,2,Visa,411111,succeeded,Not Co-badged Debit,debit,N/A,No,0,No,N/A
8ad09564-3cd7-4419-9b22-8c4b11786c27,14,2025-06-18T09:30:27.552Z,pay_E7utAJB8D0p1tNsrKBx3,38,Mastercard,555555,succeeded,Credit,credit,N/A,No,0,No,N/A
8ad09564-3cd7-4419-9b22-8c4b11786c27,14,2025-06-18T09:30:29.452Z,pay_m1ujoZnQB6E51F9YHizw,16,Star,440000,succeeded,Regulated Debit,debit,"STAR, ACCEL, VISA",Yes,0.07,Yes,true
8ad09564-3cd7-4419-9b22-8c4b11786c27,14,2025-06-18T09:30:31.430Z,pay_oICoA3cJl4bRJ7JhUuAJ,6,Visa,400003,succeeded,Global Cheaper (Special),debit,"VISA, PULSE, NYCE",Yes,0,No,false
8ad09564-3cd7-4419-9b22-8c4b11786c27,14,2025-06-18T09:30:33.400Z,pay_uZSJjl2sMunMVac7mOtI,80,Accel,500251,succeeded,Unregulated Debit,debit,"ACCEL, STAR, MASTERCARD",Yes,0.39,Yes,false
8ad09564-3cd7-4419-9b22-8c4b11786c27,14,2025-06-18T09:30:35.370Z,pay_12fxrm9XqDa7BPamIepW,2,Accel,500251,succeeded,Unregulated Debit,debit,"ACCEL, STAR, MASTERCARD",Yes,5.75,Yes,false
8ad09564-3cd7-4419-9b22-8c4b11786c27,14,2025-06-18T09:30:37.292Z,pay_q0b0V5ZJIo3fMBUP4EY9,47,Nyce,400003,succeeded,Unregulated Debit (Special),debit,"NYCE, PULSE, VISA",Yes,0.26,Yes,false
8ad09564-3cd7-4419-9b22-8c4b11786c27,14,2025-06-18T09:30:39.183Z,pay_69I4HdMC7zl1XcaCuqjs,5,Visa,400003,succeeded,Global Cheaper (Special),debit,"VISA, PULSE, NYCE",Yes,0,No,false
8ad09564-3cd7-4419-9b22-8c4b11786c27,15,2025-06-18T09:30:22.649Z,pay_7SH1fswC6NRPAUr0K9go,34,Visa,411111,succeeded,Not Co-badged Debit,debit,N/A,No,0,No,N/A
8ad09564-3cd7-4419-9b22-8c4b11786c27,15,2025-06-18T09:30:25.850Z,pay_vgdgbyO8dexibdHunACf,72,Accel,500251,succeeded,Unregulated Debit,debit,"ACCEL, STAR, MASTERCARD",Yes,0.4,Yes,false
8ad09564-3cd7-4419-9b22-8c4b11786c27,15,2025-06-18T09:30:27.594Z,pay_uZpBna5deZCpUZk0QRNj,44,Accel,440000,succeeded,Regulated Debit,debit,"ACCEL, STAR, VISA",Yes,0.09,Yes,true
8ad09564-3cd7-4419-9b22-8c4b11786c27,15,2025-06-18T09:30:29.565Z,pay_IEvSTYuARhqhSeRgCtu4,10,Star,440000,succeeded,Regulated Debit,debit,"STAR, VISA, ACCEL",Yes,0.09,Yes,true
8ad09564-3cd7-4419-9b22-8c4b11786c27,15,2025-06-18T09:30:31.495Z,pay_T0XlntBPjyNtS476M7YI,62,Mastercard,555555,succeeded,Credit,credit,N/A,No,0,No,N/A
8ad09564-3cd7-4419-9b22-8c4b11786c27,15,2025-06-18T09:30:32.999Z,pay_i5bJu9aCH8Nv9zJIT4G3,27,Visa,411111,succeeded,Not Co-badged Debit,debit,N/A,No,0,No,N/A
8ad09564-3cd7-4419-9b22-8c4b11786c27,15,2025-06-18T09:30:34.638Z,pay_yuO56oZKD4HLJNmO0ToH,9,Star,440000,succeeded,Regulated Debit,debit,"STAR, VISA, ACCEL",Yes,0.09,Yes,true
8ad09564-3cd7-4419-9b22-8c4b11786c27,15,2025-06-18T09:30:36.846Z,pay_BasZxyF1gQFlrZ3cm045,84,Accel,440000,succeeded,Regulated Debit,debit,"ACCEL, STAR, VISA",Yes,0.11,Yes,true
8ad09564-3cd7-4419-9b22-8c4b11786c27,15,2025-06-18T09:30:38.854Z,pay_dsWHscvVo1OjFsjN2Dt0,98,Accel,440000,succeeded,Regulated Debit,debit,"ACCEL, STAR, VISA",Yes,0.12,Yes,true
8ad09564-3cd7-4419-9b22-8c4b11786c27,15,2025-06-18T09:30:40.619Z,pay_vBu4nQf40VtPu5UTqH3Y,28,Accel,440000,succeeded,Regulated Debit,debit,"ACCEL, STAR, VISA",Yes,0.07,Yes,true
8ad09564-3cd7-4419-9b22-8c4b11786c27,16,2025-06-18T09:30:22.650Z,pay_wEFhXayUsDo4RcDfqGWq,91,Nyce,400003,succeeded,Unregulated Debit (Special),debit,"NYCE, PULSE, VISA",Yes,0.32,Yes,false
8ad09564-3cd7-4419-9b22-8c4b11786c27,16,2025-06-18T09:30:25.596Z,pay_OrsFwYtVqyoUecmRc3on,97,Accel,440000,succeeded,Regulated Debit,debit,"ACCEL, STAR, VISA",Yes,0.12,Yes,true
8ad09564-3cd7-4419-9b22-8c4b11786c27,16,2025-06-18T09:30:27.404Z,pay_rlqbkvmDEWl58KIgXqfu,96,Accel,440000,succeeded,Regulated Debit,debit,"ACCEL, STAR, VISA",Yes,0.12,Yes,true
8ad09564-3cd7-4419-9b22-8c4b11786c27,16,2025-06-18T09:30:29.363Z,pay_SmzyrDF8MwYqAGIIwIal,91,Accel,440000,succeeded,Regulated Debit,debit,"ACCEL, STAR, VISA",Yes,0.12,Yes,true
8ad09564-3cd7-4419-9b22-8c4b11786c27,16,2025-06-18T09:30:31.365Z,pay_68mQRH4pKKERUtdfHWqz,72,Accel,440000,succeeded,Regulated Debit,debit,"ACCEL, STAR, VISA",Yes,0.11,Yes,true
8ad09564-3cd7-4419-9b22-8c4b11786c27,16,2025-06-18T09:30:33.263Z,pay_Zl4amnfkQAKxFeMKWvED,43,Accel,440000,succeeded,Regulated Debit,debit,"ACCEL, STAR, VISA",Yes,0.09,Yes,true
8ad09564-3cd7-4419-9b22-8c4b11786c27,16,2025-06-18T09:30:35.193Z,pay_yocikahZ93xAO8coICC1,2,Star,440000,succeeded,Regulated Debit,debit,"STAR, VISA, ACCEL",Yes,0.29,Yes,true
8ad09564-3cd7-4419-9b22-8c4b11786c27,16,2025-06-18T09:30:37.292Z,pay_Rnwax7iuo7SpoXksApXz,24,Star,440000,succeeded,Regulated Debit,debit,"STAR, ACCEL, VISA",Yes,0.06,Yes,true
8ad09564-3cd7-4419-9b22-8c4b11786c27,16,2025-06-18T09:30:39.156Z,pay_mRGhE4hNaa5uq4AGqkCN,63,Accel,440000,succeeded,Regulated Debit,debit,"ACCEL, STAR, VISA",Yes,0.11,Yes,true
8ad09564-3cd7-4419-9b22-8c4b11786c27,16,2025-06-18T09:30:41.076Z,pay_elifSRJvkUcKQ8rU6D3f,57,Mastercard,555555,succeeded,Credit,credit,N/A,No,0,No,N/A
8ad09564-3cd7-4419-9b22-8c4b11786c27,17,2025-06-18T09:30:22.651Z,pay_OodrkCrBR3KBilWNr9X3,80,Accel,440000,succeeded,Regulated Debit,debit,"ACCEL, STAR, VISA",Yes,0.11,Yes,true
8ad09564-3cd7-4419-9b22-8c4b11786c27,17,2025-06-18T09:30:26.517Z,pay_LDzaNLfYzmqhxvaeo1fq,69,Nyce,400003,succeeded,Unregulated Debit (Special),debit,"NYCE, PULSE, VISA",Yes,0.3,Yes,false
8ad09564-3cd7-4419-9b22-8c4b11786c27,17,2025-06-18T09:30:28.722Z,pay_8NzrZit30MuJwgu0WDFk,2,Mastercard,555555,succeeded,Credit,credit,N/A,No,0,No,N/A
8ad09564-3cd7-4419-9b22-8c4b11786c27,17,2025-06-18T09:30:30.858Z,pay_ODfq5UlqMjl9U4zNvnLI,54,Accel,440000,succeeded,Regulated Debit,debit,"ACCEL, STAR, VISA",Yes,0.1,Yes,true
8ad09564-3cd7-4419-9b22-8c4b11786c27,17,2025-06-18T09:30:32.669Z,pay_7R7F9Ay8LMz4zAPNWQE4,42,Accel,440000,succeeded,Regulated Debit,debit,"ACCEL, STAR, VISA",Yes,0.09,Yes,true
8ad09564-3cd7-4419-9b22-8c4b11786c27,17,2025-06-18T09:30:34.544Z,pay_9q6hbjvWSSNhWKxwsbR1,40,Mastercard,555555,succeeded,Credit,credit,N/A,No,0,No,N/A
8ad09564-3cd7-4419-9b22-8c4b11786c27,17,2025-06-18T09:30:36.688Z,pay_mboVTfVs7to4XYQBTLLU,88,Accel,440000,succeeded,Regulated Debit,debit,"ACCEL, STAR, VISA",Yes,0.11,Yes,true
8ad09564-3cd7-4419-9b22-8c4b11786c27,17,2025-06-18T09:30:38.802Z,pay_HGKJR6BQfcGE0VB8cRpE,2,Star,440000,succeeded,Regulated Debit,debit,"STAR, VISA, ACCEL",Yes,0.29,Yes,true
8ad09564-3cd7-4419-9b22-8c4b11786c27,17,2025-06-18T09:30:40.582Z,pay_pFP7JjtHHUUw2hJ81NbA,82,Accel,440000,succeeded,Regulated Debit,debit,"ACCEL, STAR, VISA",Yes,0.11,Yes,true
8ad09564-3cd7-4419-9b22-8c4b11786c27,17,2025-06-18T09:30:42.868Z,pay_pf6Qrpqig9dmNZENH5Tm,28,Nyce,400003,succeeded,Unregulated Debit (Special),debit,"NYCE, PULSE, VISA",Yes,0.18,Yes,false
8ad09564-3cd7-4419-9b22-8c4b11786c27,18,2025-06-18T09:30:22.651Z,pay_KorpouzjlhyvBBIGx07m,47,Nyce,400003,succeeded,Unregulated Debit (Special),debit,"NYCE, PULSE, VISA",Yes,0.26,Yes,false
8ad09564-3cd7-4419-9b22-8c4b11786c27,18,2025-06-18T09:30:25.785Z,pay_XdJfr9azsIBHSM4Pvtd3,79,Mastercard,555555,succeeded,Credit,credit,N/A,No,0,No,N/A
8ad09564-3cd7-4419-9b22-8c4b11786c27,18,2025-06-18T09:30:27.495Z,pay_Zj9vFslM6KEnOZtDKl7t,37,Accel,440000,succeeded,Regulated Debit,debit,"ACCEL, STAR, VISA",Yes,0.08,Yes,true
8ad09564-3cd7-4419-9b22-8c4b11786c27,18,2025-06-18T09:30:29.463Z,pay_5ZONzTj0uxYyeZiKAiEl,55,Accel,440000,succeeded,Regulated Debit,debit,"ACCEL, STAR, VISA",Yes,0.1,Yes,true
8ad09564-3cd7-4419-9b22-8c4b11786c27,18,2025-06-18T09:30:31.496Z,pay_L1VCFLAtu4YyieNPkhJB,83,Visa,411111,succeeded,Not Co-badged Debit,debit,N/A,No,0,No,N/A
8ad09564-3cd7-4419-9b22-8c4b11786c27,18,2025-06-18T09:30:33.385Z,pay_F37Q8CtJsgzW5zx6ZOmY,19,Star,440000,succeeded,Regulated Debit,debit,"STAR, ACCEL, VISA",Yes,0.06,Yes,true
8ad09564-3cd7-4419-9b22-8c4b11786c27,18,2025-06-18T09:30:35.154Z,pay_dbNgRFLnvY5omqiNCIuQ,56,Accel,440000,succeeded,Regulated Debit,debit,"ACCEL, STAR, VISA",Yes,0.1,Yes,true
8ad09564-3cd7-4419-9b22-8c4b11786c27,18,2025-06-18T09:30:36.955Z,pay_MDeCA0QsDNvAjMWJk3bv,89,Nyce,400003,succeeded,Unregulated Debit (Special),debit,"NYCE, PULSE, VISA",Yes,0.32,Yes,false
8ad09564-3cd7-4419-9b22-8c4b11786c27,18,2025-06-18T09:30:39.071Z,pay_pdZetOTWPXPRKPArbYed,75,Accel,440000,succeeded,Regulated Debit,debit,"ACCEL, STAR, VISA",Yes,0.11,Yes,true
8ad09564-3cd7-4419-9b22-8c4b11786c27,18,2025-06-18T09:30:41.098Z,pay_7Vfad6EISAeRl1UofT0j,87,Accel,440000,succeeded,Regulated Debit,debit,"ACCEL, STAR, VISA",Yes,0.11,Yes,true
8ad09564-3cd7-4419-9b22-8c4b11786c27,19,2025-06-18T09:30:22.652Z,pay_1ofd4F3Fw80KcCFE25QM,69,Visa,411111,succeeded,Not Co-badged Debit,debit,N/A,No,0,No,N/A
8ad09564-3cd7-4419-9b22-8c4b11786c27,19,2025-06-18T09:30:25.296Z,pay_HS2wsd2s4nR2KnTQ31nn,96,Accel,440000,succeeded,Regulated Debit,debit,"ACCEL, STAR, VISA",Yes,0.12,Yes,true
8ad09564-3cd7-4419-9b22-8c4b11786c27,19,2025-06-18T09:30:27.342Z,pay_sYcEMQAaTGbczmkxx0II,99,Accel,440000,succeeded,Regulated Debit,debit,"ACCEL, STAR, VISA",Yes,0.12,Yes,true
8ad09564-3cd7-4419-9b22-8c4b11786c27,19,2025-06-18T09:30:29.213Z,pay_PDUu8Z1deCmzIIHu7C2b,1,Visa,400003,succeeded,Global Cheaper (Special),debit,"VISA, PULSE, NYCE",Yes,0,No,false
8ad09564-3cd7-4419-9b22-8c4b11786c27,19,2025-06-18T09:30:31.342Z,pay_8ygBVnVwwVDwd7boFGYw,38,Accel,440000,succeeded,Regulated Debit,debit,"ACCEL, STAR, VISA",Yes,0.08,Yes,true
8ad09564-3cd7-4419-9b22-8c4b11786c27,19,2025-06-18T09:30:33.331Z,pay_Nhdd9FuqZIJWTXQvtLt2,16,Star,440000,succeeded,Regulated Debit,debit,"STAR, ACCEL, VISA",Yes,0.07,Yes,true
8ad09564-3cd7-4419-9b22-8c4b11786c27,19,2025-06-18T09:30:35.005Z,pay_kxaDiB1dJcM6lhtwUlxM,78,Mastercard,555555,succeeded,Credit,credit,N/A,No,0,No,N/A
8ad09564-3cd7-4419-9b22-8c4b11786c27,19,2025-06-18T09:30:36.627Z,pay_XVxLykGNBC6rFhXIpguP,97,Visa,411111,succeeded,Not Co-badged Debit,debit,N/A,No,0,No,N/A
8ad09564-3cd7-4419-9b22-8c4b11786c27,19,2025-06-18T09:30:38.713Z,pay_3xLiNmE7jn1psVIkkGoc,88,Accel,500251,succeeded,Unregulated Debit,debit,"ACCEL, STAR, MASTERCARD",Yes,0.37,Yes,false
8ad09564-3cd7-4419-9b22-8c4b11786c27,19,2025-06-18T09:30:40.555Z,pay_CMB25dezgjs3rEcwRggo,86,Nyce,400003,succeeded,Unregulated Debit (Special),debit,"NYCE, PULSE, VISA",Yes,0.32,Yes,false
8ad09564-3cd7-4419-9b22-8c4b11786c27,20,2025-06-18T09:30:22.653Z,N/A,41,N/A,N/A,"FAILED_HS_HTTP_HTTP 429: ""<!DOCTYPE html>\n<html>\n<head>\n  <title>Rate Limit Exceeded</title>\n</head>\n<body>\n  <h1>Rate Limit Exceeded</h1>\n  <p>Too Many Requests - You have exceeded the rate limit. Please try again aft",Regulated Debit,debit,N/A,No,0,N/A,N/A
8ad09564-3cd7-4419-9b22-8c4b11786c27,20,2025-06-18T09:30:23.875Z,pay_aX8KAyB5eXDWPqbwKqlQ,49,Accel,440000,succeeded,Regulated Debit,debit,"ACCEL, STAR, VISA",Yes,0.1,Yes,true
8ad09564-3cd7-4419-9b22-8c4b11786c27,20,2025-06-18T09:30:26.180Z,pay_WvGuSl0X6Hn5jV7cFNzo,50,Accel,440000,succeeded,Regulated Debit,debit,"ACCEL, STAR, VISA",Yes,0.1,Yes,true
8ad09564-3cd7-4419-9b22-8c4b11786c27,20,2025-06-18T09:30:28.425Z,pay_nfFUOa1vLrapi1qEUk7Q,94,Accel,440000,succeeded,Regulated Debit,debit,"ACCEL, STAR, VISA",Yes,0.12,Yes,true
8ad09564-3cd7-4419-9b22-8c4b11786c27,20,2025-06-18T09:30:30.303Z,pay_N21N3zXy9bMHqIJyAiwY,78,Accel,440000,succeeded,Regulated Debit,debit,"ACCEL, STAR, VISA",Yes,0.11,Yes,true
8ad09564-3cd7-4419-9b22-8c4b11786c27,20,2025-06-18T09:30:32.472Z,pay_ccvMRKTSCPAIzNAcslJP,42,Accel,440000,succeeded,Regulated Debit,debit,"ACCEL, STAR, VISA",Yes,0.09,Yes,true
8ad09564-3cd7-4419-9b22-8c4b11786c27,20,2025-06-18T09:30:34.354Z,pay_3HMRvZcbSkUABiY7jxmb,40,Nyce,400003,succeeded,Unregulated Debit (Special),debit,"NYCE, PULSE, VISA",Yes,0.24,Yes,false
8ad09564-3cd7-4419-9b22-8c4b11786c27,20,2025-06-18T09:30:36.563Z,pay_cQivQOqQCANlRspKMxfl,30,Accel,500251,succeeded,Unregulated Debit,debit,"ACCEL, STAR, MASTERCARD",Yes,0.62,Yes,false
8ad09564-3cd7-4419-9b22-8c4b11786c27,20,2025-06-18T09:30:38.756Z,pay_AyEHeo2KfZuTxQIBFakZ,15,Accel,500251,succeeded,Unregulated Debit,debit,"ACCEL, STAR, MASTERCARD",Yes,0.98,Yes,false
8ad09564-3cd7-4419-9b22-8c4b11786c27,20,2025-06-18T09:30:40.554Z,pay_rzvLDfCe4ZHLbVm4QSIW,14,Accel,500251,succeeded,Unregulated Debit,debit,"ACCEL, STAR, MASTERCARD",Yes,1.04,Yes,false
8ad09564-3cd7-4419-9b22-8c4b11786c27,21,2025-06-18T09:30:22.653Z,pay_F7ov53CE9nYmd2sGXVUq,54,Mastercard,555555,succeeded,Credit,credit,N/A,No,0,No,N/A
8ad09564-3cd7-4419-9b22-8c4b11786c27,21,2025-06-18T09:30:24.970Z,pay_9s206p1I0v1x1k7vr60G,63,Accel,440000,succeeded,Regulated Debit,debit,"ACCEL, STAR, VISA",Yes,0.11,Yes,true
8ad09564-3cd7-4419-9b22-8c4b11786c27,21,2025-06-18T09:30:26.822Z,pay_wWTDbbAFJgWKUqMBf1CR,83,Accel,440000,succeeded,Regulated Debit,debit,"ACCEL, STAR, VISA",Yes,0.11,Yes,true
8ad09564-3cd7-4419-9b22-8c4b11786c27,21,2025-06-18T09:30:28.687Z,pay_wN5QIShnR3rLMbhwd60i,33,Accel,440000,succeeded,Regulated Debit,debit,"ACCEL, STAR, VISA",Yes,0.08,Yes,true
8ad09564-3cd7-4419-9b22-8c4b11786c27,21,2025-06-18T09:30:30.835Z,pay_7KT3Kopwgj0tp0DDsAwK,19,Mastercard,555555,succeeded,Credit,credit,N/A,No,0,No,N/A
8ad09564-3cd7-4419-9b22-8c4b11786c27,21,2025-06-18T09:30:32.535Z,pay_GuJj2xLOhzUDgXIkyyQO,10,Star,440000,succeeded,Regulated Debit,debit,"STAR, VISA, ACCEL",Yes,0.09,Yes,true
8ad09564-3cd7-4419-9b22-8c4b11786c27,21,2025-06-18T09:30:34.480Z,pay_Gor1nYjJkUKRRco49GA2,67,Accel,440000,succeeded,Regulated Debit,debit,"ACCEL, STAR, VISA",Yes,0.11,Yes,true
8ad09564-3cd7-4419-9b22-8c4b11786c27,21,2025-06-18T09:30:36.817Z,pay_dqFn2tLxMEUteF8yp01L,62,Nyce,400003,succeeded,Unregulated Debit (Special),debit,"NYCE, PULSE, VISA",Yes,0.29,Yes,false
8ad09564-3cd7-4419-9b22-8c4b11786c27,21,2025-06-18T09:30:38.844Z,pay_2jOQcapPMCwxTLHvvCVs,46,Nyce,400003,succeeded,Unregulated Debit (Special),debit,"NYCE, PULSE, VISA",Yes,0.26,Yes,false
8ad09564-3cd7-4419-9b22-8c4b11786c27,21,2025-06-18T09:30:40.671Z,pay_lQ1aNsQJKnLn71S2B8j4,60,Nyce,400003,succeeded,Unregulated Debit (Special),debit,"NYCE, PULSE, VISA",Yes,0.29,Yes,false
8ad09564-3cd7-4419-9b22-8c4b11786c27,22,2025-06-18T09:30:22.654Z,pay_ZDwU3ZzlLMw5ghfc5XcH,19,Star,440000,succeeded,Regulated Debit,debit,"STAR, ACCEL, VISA",Yes,0.06,Yes,true
8ad09564-3cd7-4419-9b22-8c4b11786c27,22,2025-06-18T09:30:26.129Z,pay_lZssrZoBXid1uhbvn4uH,54,Accel,440000,succeeded,Regulated Debit,debit,"ACCEL, STAR, VISA",Yes,0.1,Yes,true
8ad09564-3cd7-4419-9b22-8c4b11786c27,22,2025-06-18T09:30:28.084Z,pay_kbymzEWpXcmirI3kW6Ji,85,Accel,440000,succeeded,Regulated Debit,debit,"ACCEL, STAR, VISA",Yes,0.11,Yes,true
8ad09564-3cd7-4419-9b22-8c4b11786c27,22,2025-06-18T09:30:29.848Z,pay_tOvl76H8AIBgaAiWhUsB,45,Visa,411111,succeeded,Not Co-badged Debit,debit,N/A,No,0,No,N/A
8ad09564-3cd7-4419-9b22-8c4b11786c27,22,2025-06-18T09:30:31.758Z,pay_EspAjIYOYmxyA1DdmQ76,72,Accel,440000,succeeded,Regulated Debit,debit,"ACCEL, STAR, VISA",Yes,0.11,Yes,true
8ad09564-3cd7-4419-9b22-8c4b11786c27,22,2025-06-18T09:30:33.643Z,pay_QITIbpBD8WIOel6sPqrh,20,Star,440000,succeeded,Regulated Debit,debit,"STAR, ACCEL, VISA",Yes,0.06,Yes,true
8ad09564-3cd7-4419-9b22-8c4b11786c27,22,2025-06-18T09:30:35.280Z,pay_IkrwK1gKwvcuzZtHNwbj,2,Visa,411111,succeeded,Not Co-badged Debit,debit,N/A,No,0,No,N/A
8ad09564-3cd7-4419-9b22-8c4b11786c27,22,2025-06-18T09:30:36.992Z,pay_CDeQwVsZrjCRUBwuOWqG,90,Visa,411111,succeeded,Not Co-badged Debit,debit,N/A,No,0,No,N/A
8ad09564-3cd7-4419-9b22-8c4b11786c27,22,2025-06-18T09:30:39.017Z,pay_C26JlXzXf1kHU57JBzta,32,Accel,440000,succeeded,Regulated Debit,debit,"ACCEL, STAR, VISA",Yes,0.08,Yes,true
8ad09564-3cd7-4419-9b22-8c4b11786c27,22,2025-06-18T09:30:40.858Z,pay_TC2eq7nV6kI7UZbnbube,84,Accel,440000,succeeded,Regulated Debit,debit,"ACCEL, STAR, VISA",Yes,0.11,Yes,true
8ad09564-3cd7-4419-9b22-8c4b11786c27,23,2025-06-18T09:30:22.655Z,pay_SOS0kEoSwdphmFxqACxs,50,Nyce,400003,succeeded,Unregulated Debit (Special),debit,"NYCE, PULSE, VISA",Yes,0.27,Yes,false
8ad09564-3cd7-4419-9b22-8c4b11786c27,23,2025-06-18T09:30:25.708Z,pay_c2FC3q6nUxjmASlFeLal,37,Accel,440000,succeeded,Regulated Debit,debit,"ACCEL, STAR, VISA",Yes,0.08,Yes,true
8ad09564-3cd7-4419-9b22-8c4b11786c27,23,2025-06-18T09:30:27.731Z,pay_yH45iC9pFtOAoRdPyoPf,100,Accel,440000,succeeded,Regulated Debit,debit,"ACCEL, STAR, VISA",Yes,0.12,Yes,true
8ad09564-3cd7-4419-9b22-8c4b11786c27,23,2025-06-18T09:30:29.855Z,pay_o1nFNJKRLse76gXQrdaI,38,Mastercard,555555,succeeded,Credit,credit,N/A,No,0,No,N/A
8ad09564-3cd7-4419-9b22-8c4b11786c27,23,2025-06-18T09:30:31.469Z,pay_xyWJVtnlz7MxFqzC0uK6,58,Mastercard,555555,succeeded,Credit,credit,N/A,No,0,No,N/A
8ad09564-3cd7-4419-9b22-8c4b11786c27,23,2025-06-18T09:30:33.112Z,pay_Y2vxWtECNFVUBxXkL9DI,68,Accel,440000,succeeded,Regulated Debit,debit,"ACCEL, STAR, VISA",Yes,0.11,Yes,true
8ad09564-3cd7-4419-9b22-8c4b11786c27,23,2025-06-18T09:30:34.889Z,pay_wYyu0mV5dcFFz5lrh74S,57,Visa,411111,succeeded,Not Co-badged Debit,debit,N/A,No,0,No,N/A
8ad09564-3cd7-4419-9b22-8c4b11786c27,23,2025-06-18T09:30:36.737Z,pay_avpbKDUeHFa8796lhQzh,39,Mastercard,555555,succeeded,Credit,credit,N/A,No,0,No,N/A
8ad09564-3cd7-4419-9b22-8c4b11786c27,23,2025-06-18T09:30:38.340Z,pay_6MGvYcuT3sl8d50iBW4c,30,Accel,440000,succeeded,Regulated Debit,debit,"ACCEL, STAR, VISA",Yes,0.07,Yes,true
8ad09564-3cd7-4419-9b22-8c4b11786c27,23,2025-06-18T09:30:40.125Z,pay_4iPG6EegLOqCgaEzXB8H,82,Accel,440000,succeeded,Regulated Debit,debit,"ACCEL, STAR, VISA",Yes,0.11,Yes,true
8ad09564-3cd7-4419-9b22-8c4b11786c27,24,2025-06-18T09:30:22.655Z,pay_Jz3SASqgzrPRTwlw4TMr,94,Accel,440000,succeeded,Regulated Debit,debit,"ACCEL, STAR, VISA",Yes,0.12,Yes,true
8ad09564-3cd7-4419-9b22-8c4b11786c27,24,2025-06-18T09:30:26.505Z,pay_34moPvBFYf3WLOvD6S27,90,Accel,440000,succeeded,Regulated Debit,debit,"ACCEL, STAR, VISA",Yes,0.12,Yes,true
8ad09564-3cd7-4419-9b22-8c4b11786c27,24,2025-06-18T09:30:28.595Z,pay_t25NNL2VaChABmnSpnWh,54,Accel,440000,succeeded,Regulated Debit,debit,"ACCEL, STAR, VISA",Yes,0.1,Yes,true
8ad09564-3cd7-4419-9b22-8c4b11786c27,24,2025-06-18T09:30:30.422Z,pay_v0ZXpaoF8scoHgRG5aiw,59,Mastercard,555555,succeeded,Credit,credit,N/A,No,0,No,N/A
8ad09564-3cd7-4419-9b22-8c4b11786c27,24,2025-06-18T09:30:32.316Z,pay_0JeYwCmHaJ6lWJdTUlcf,14,Star,440000,succeeded,Regulated Debit,debit,"STAR, VISA, ACCEL",Yes,0.07,Yes,true
8ad09564-3cd7-4419-9b22-8c4b11786c27,24,2025-06-18T09:30:34.353Z,pay_gt7Zhb5v8T8eDjDhjQIt,28,Accel,440000,succeeded,Regulated Debit,debit,"ACCEL, STAR, VISA",Yes,0.07,Yes,true
8ad09564-3cd7-4419-9b22-8c4b11786c27,24,2025-06-18T09:30:36.384Z,pay_dNdKeHXYp9vzbPXRWRxo,29,Mastercard,555555,succeeded,Credit,credit,N/A,No,0,No,N/A
8ad09564-3cd7-4419-9b22-8c4b11786c27,24,2025-06-18T09:30:38.486Z,pay_l2Oi18wL9ZDMcMiVZ0h0,56,Accel,440000,succeeded,Regulated Debit,debit,"ACCEL, STAR, VISA",Yes,0.1,Yes,true
8ad09564-3cd7-4419-9b22-8c4b11786c27,24,2025-06-18T09:30:40.040Z,pay_WOmz392yOzQKrhO3VneC,43,Nyce,400003,succeeded,Unregulated Debit (Special),debit,"NYCE, PULSE, VISA",Yes,0.25,Yes,false
8ad09564-3cd7-4419-9b22-8c4b11786c27,24,2025-06-18T09:30:41.917Z,pay_8KVR6jKjmgTVDWuGpgUy,29,Mastercard,555555,succeeded,Credit,credit,N/A,No,0,No,N/A
8ad09564-3cd7-4419-9b22-8c4b11786c27,25,2025-06-18T09:30:22.656Z,pay_qUYnSe12xxqGGvDEIDhe,50,Mastercard,555555,succeeded,Credit,credit,N/A,No,0,No,N/A
8ad09564-3cd7-4419-9b22-8c4b11786c27,25,2025-06-18T09:30:24.946Z,pay_CvqttGKoA8eqzRPiwjUk,45,Accel,440000,succeeded,Regulated Debit,debit,"ACCEL, STAR, VISA",Yes,0.09,Yes,true
8ad09564-3cd7-4419-9b22-8c4b11786c27,25,2025-06-18T09:30:26.791Z,pay_jdcP5YYhI9g0mPGa70AV,1,Star,440000,succeeded,Regulated Debit,debit,"STAR, VISA, ACCEL",Yes,0.54,Yes,true
8ad09564-3cd7-4419-9b22-8c4b11786c27,25,2025-06-18T09:30:28.671Z,pay_JmG0BsRyRs33uyXpj9hM,82,Mastercard,555555,succeeded,Credit,credit,N/A,No,0,No,N/A
8ad09564-3cd7-4419-9b22-8c4b11786c27,25,2025-06-18T09:30:30.454Z,pay_2l4FaHEKSwRwgOpH8jLM,31,Accel,440000,succeeded,Regulated Debit,debit,"ACCEL, STAR, VISA",Yes,0.07,Yes,true
8ad09564-3cd7-4419-9b22-8c4b11786c27,25,2025-06-18T09:30:32.459Z,pay_XzEk9AfhaLrh57l7YOgV,36,Nyce,400003,succeeded,Unregulated Debit (Special),debit,"NYCE, PULSE, VISA",Yes,0.23,Yes,false
8ad09564-3cd7-4419-9b22-8c4b11786c27,25,2025-06-18T09:30:34.483Z,pay_8y1M9M5XmD5tsqmX6Q62,43,Mastercard,555555,succeeded,Credit,credit,N/A,No,0,No,N/A
8ad09564-3cd7-4419-9b22-8c4b11786c27,25,2025-06-18T09:30:36.811Z,pay_ERLs8EfJftZ9iBYaZwNV,86,Accel,440000,succeeded,Regulated Debit,debit,"ACCEL, STAR, VISA",Yes,0.11,Yes,true
8ad09564-3cd7-4419-9b22-8c4b11786c27,25,2025-06-18T09:30:38.902Z,pay_LfvfsRvzshwgcBFXPIzm,28,Mastercard,555555,succeeded,Credit,credit,N/A,No,0,No,N/A
8ad09564-3cd7-4419-9b22-8c4b11786c27,25,2025-06-18T09:30:40.594Z,pay_MnDXjYN3D4RP3ejyGAUD,71,Visa,411111,succeeded,Not Co-badged Debit,debit,N/A,No,0,No,N/A
8ad09564-3cd7-4419-9b22-8c4b11786c27,26,2025-06-18T09:30:22.657Z,pay_EDV23TsmtCVPZGuqD3oF,27,Accel,440000,succeeded,Regulated Debit,debit,"ACCEL, STAR, VISA",Yes,0.06,Yes,true
8ad09564-3cd7-4419-9b22-8c4b11786c27,26,2025-06-18T09:30:25.606Z,pay_wOeOVZvyn2q307XLjHLO,52,Visa,411111,succeeded,Not Co-badged Debit,debit,N/A,No,0,No,N/A
8ad09564-3cd7-4419-9b22-8c4b11786c27,26,2025-06-18T09:30:27.342Z,pay_bxyGy3I5nLWOqqG0QS3j,89,Accel,440000,succeeded,Regulated Debit,debit,"ACCEL, STAR, VISA",Yes,0.12,Yes,true
8ad09564-3cd7-4419-9b22-8c4b11786c27,26,2025-06-18T09:30:29.120Z,pay_DybiLxekNGVazHI88TSh,59,Accel,440000,succeeded,Regulated Debit,debit,"ACCEL, STAR, VISA",Yes,0.1,Yes,true
8ad09564-3cd7-4419-9b22-8c4b11786c27,26,2025-06-18T09:30:31.093Z,pay_ecZr1ElMKqahZZRoHGf2,12,Star,440000,succeeded,Regulated Debit,debit,"STAR, VISA, ACCEL",Yes,0.08,Yes,true
8ad09564-3cd7-4419-9b22-8c4b11786c27,26,2025-06-18T09:30:32.967Z,pay_52lIH25YNE7EEbnhTifL,25,Accel,440000,succeeded,Regulated Debit,debit,"ACCEL, STAR, VISA",Yes,0.06,Yes,true
8ad09564-3cd7-4419-9b22-8c4b11786c27,26,2025-06-18T09:30:34.609Z,pay_f1ZjVzQwzTI5JcV8Fw69,37,Accel,440000,succeeded,Regulated Debit,debit,"ACCEL, STAR, VISA",Yes,0.08,Yes,true
8ad09564-3cd7-4419-9b22-8c4b11786c27,26,2025-06-18T09:30:37.292Z,pay_lrYzgE47pBT5vpRgAYTa,72,Accel,440000,succeeded,Regulated Debit,debit,"ACCEL, STAR, VISA",Yes,0.11,Yes,true
8ad09564-3cd7-4419-9b22-8c4b11786c27,26,2025-06-18T09:30:39.517Z,pay_1Zp3y2KPl1JlrlxfqyjP,1,Star,440000,succeeded,Regulated Debit,debit,"STAR, VISA, ACCEL",Yes,0.54,Yes,true
8ad09564-3cd7-4419-9b22-8c4b11786c27,26,2025-06-18T09:30:41.529Z,pay_9xrScZsv8MSrFPHxdnfd,97,Accel,440000,succeeded,Regulated Debit,debit,"ACCEL, STAR, VISA",Yes,0.12,Yes,true
8ad09564-3cd7-4419-9b22-8c4b11786c27,27,2025-06-18T09:30:22.657Z,pay_sDWPNbdn87xJs9UhG9AD,3,Visa,400003,succeeded,Global Cheaper (Special),debit,"VISA, PULSE, NYCE",Yes,0,No,false
8ad09564-3cd7-4419-9b22-8c4b11786c27,27,2025-06-18T09:30:25.883Z,pay_9P7z6DVkkupmNfUfscf6,32,Accel,440000,succeeded,Regulated Debit,debit,"ACCEL, STAR, VISA",Yes,0.08,Yes,true
8ad09564-3cd7-4419-9b22-8c4b11786c27,27,2025-06-18T09:30:27.721Z,pay_efOXhRhNOXzBaJhm1vcg,6,Star,440000,succeeded,Regulated Debit,debit,"STAR, VISA, ACCEL",Yes,0.12,Yes,true
8ad09564-3cd7-4419-9b22-8c4b11786c27,27,2025-06-18T09:30:29.741Z,pay_rS8EQqE1CZf8MDJskmFe,71,Accel,440000,succeeded,Regulated Debit,debit,"ACCEL, STAR, VISA",Yes,0.11,Yes,true
8ad09564-3cd7-4419-9b22-8c4b11786c27,27,2025-06-18T09:30:31.682Z,pay_fodOivQtNdYBX8kyIPEA,9,Star,440000,succeeded,Regulated Debit,debit,"STAR, VISA, ACCEL",Yes,0.09,Yes,true
8ad09564-3cd7-4419-9b22-8c4b11786c27,27,2025-06-18T09:30:33.476Z,pay_Yf8N23VoJcb4imHz6bbX,69,Mastercard,555555,succeeded,Credit,credit,N/A,No,0,No,N/A
8ad09564-3cd7-4419-9b22-8c4b11786c27,27,2025-06-18T09:30:35.280Z,pay_GtAndCY2rB89EnxjZFU9,38,Accel,440000,succeeded,Regulated Debit,debit,"ACCEL, STAR, VISA",Yes,0.08,Yes,true
8ad09564-3cd7-4419-9b22-8c4b11786c27,27,2025-06-18T09:30:37.445Z,pay_Mkhb5xpxq5KNVt3QhU2E,91,Visa,411111,succeeded,Not Co-badged Debit,debit,N/A,No,0,No,N/A
8ad09564-3cd7-4419-9b22-8c4b11786c27,27,2025-06-18T09:30:39.481Z,pay_IH3qXSAUcPfPyzQbut4E,72,Nyce,400003,succeeded,Unregulated Debit (Special),debit,"NYCE, PULSE, VISA",Yes,0.31,Yes,false
8ad09564-3cd7-4419-9b22-8c4b11786c27,27,2025-06-18T09:30:41.540Z,pay_pEXqwqPdiCVgHZFj5OMo,48,Accel,440000,succeeded,Regulated Debit,debit,"ACCEL, STAR, VISA",Yes,0.1,Yes,true
8ad09564-3cd7-4419-9b22-8c4b11786c27,28,2025-06-18T09:30:22.658Z,pay_8giBZMbspCXJtABKCJVo,87,Accel,440000,succeeded,Regulated Debit,debit,"ACCEL, STAR, VISA",Yes,0.11,Yes,true
8ad09564-3cd7-4419-9b22-8c4b11786c27,28,2025-06-18T09:30:25.859Z,pay_LtbhMktXgOK5B6qD4ncM,14,Pulse,400003,succeeded,Unregulated Debit (Special),debit,"PULSE, VISA, NYCE",Yes,0.02,Yes,false
8ad09564-3cd7-4419-9b22-8c4b11786c27,28,2025-06-18T09:30:27.731Z,pay_yk7e1DQum1t5mOhPVUEp,6,Star,440000,succeeded,Regulated Debit,debit,"STAR, VISA, ACCEL",Yes,0.12,Yes,true
8ad09564-3cd7-4419-9b22-8c4b11786c27,28,2025-06-18T09:30:29.515Z,pay_7F7ikiN27upTKQTQ71Lg,6,Mastercard,555555,succeeded,Credit,credit,N/A,No,0,No,N/A
8ad09564-3cd7-4419-9b22-8c4b11786c27,28,2025-06-18T09:30:31.294Z,pay_42GevWUyYAHnvXilWrrv,23,Star,440000,succeeded,Regulated Debit,debit,"STAR, ACCEL, VISA",Yes,0.06,Yes,true
8ad09564-3cd7-4419-9b22-8c4b11786c27,28,2025-06-18T09:30:33.154Z,pay_9wttBRKf4Sk8GW0PLcFF,32,Accel,440000,succeeded,Regulated Debit,debit,"ACCEL, STAR, VISA",Yes,0.08,Yes,true
8ad09564-3cd7-4419-9b22-8c4b11786c27,28,2025-06-18T09:30:35.055Z,pay_CP6SY3o0tfdbeTanhnBw,44,Accel,500251,succeeded,Unregulated Debit,debit,"ACCEL, STAR, MASTERCARD",Yes,0.5,Yes,false
8ad09564-3cd7-4419-9b22-8c4b11786c27,28,2025-06-18T09:30:37.290Z,pay_TJ7WGzJTKaySILXw6SQZ,42,Accel,440000,succeeded,Regulated Debit,debit,"ACCEL, STAR, VISA",Yes,0.09,Yes,true
8ad09564-3cd7-4419-9b22-8c4b11786c27,28,2025-06-18T09:30:39.218Z,pay_8QmILB8PnpLMGj633Kva,38,Accel,440000,succeeded,Regulated Debit,debit,"ACCEL, STAR, VISA",Yes,0.08,Yes,true
8ad09564-3cd7-4419-9b22-8c4b11786c27,28,2025-06-18T09:30:41.643Z,pay_q2BdqnNKhQbR8Wl8Ny6k,66,Accel,440000,succeeded,Regulated Debit,debit,"ACCEL, STAR, VISA",Yes,0.11,Yes,true
8ad09564-3cd7-4419-9b22-8c4b11786c27,29,2025-06-18T09:30:22.658Z,pay_3hZIxptrX38CKuM62bt8,30,Accel,440000,succeeded,Regulated Debit,debit,"ACCEL, STAR, VISA",Yes,0.07,Yes,true
8ad09564-3cd7-4419-9b22-8c4b11786c27,29,2025-06-18T09:30:26.137Z,pay_yx1reUEnD6uTqZzj3zCn,43,Accel,440000,succeeded,Regulated Debit,debit,"ACCEL, STAR, VISA",Yes,0.09,Yes,true
8ad09564-3cd7-4419-9b22-8c4b11786c27,29,2025-06-18T09:30:28.145Z,pay_tCOgC3Lu2vjH5Fs8gCiK,90,Accel,440000,succeeded,Regulated Debit,debit,"ACCEL, STAR, VISA",Yes,0.12,Yes,true
8ad09564-3cd7-4419-9b22-8c4b11786c27,29,2025-06-18T09:30:29.952Z,pay_yUFe9mxRskjDXzjfuSka,14,Star,440000,succeeded,Regulated Debit,debit,"STAR, VISA, ACCEL",Yes,0.07,Yes,true
8ad09564-3cd7-4419-9b22-8c4b11786c27,29,2025-06-18T09:30:32.098Z,pay_v2XgbRo0bILYH8uLJydv,22,Visa,411111,succeeded,Not Co-badged Debit,debit,N/A,No,0,No,N/A
8ad09564-3cd7-4419-9b22-8c4b11786c27,29,2025-06-18T09:30:33.792Z,pay_L6dGcIZGWyhho4rGcOlV,96,Accel,500251,succeeded,Unregulated Debit,debit,"ACCEL, STAR, MASTERCARD",Yes,0.36,Yes,false
8ad09564-3cd7-4419-9b22-8c4b11786c27,29,2025-06-18T09:30:36.491Z,pay_VWHPOwMturLvyKClzDm0,49,Accel,440000,succeeded,Regulated Debit,debit,"ACCEL, STAR, VISA",Yes,0.1,Yes,true
8ad09564-3cd7-4419-9b22-8c4b11786c27,29,2025-06-18T09:30:38.124Z,pay_ewok7ogEJpDA1yJXA4zh,43,Accel,440000,succeeded,Regulated Debit,debit,"ACCEL, STAR, VISA",Yes,0.09,Yes,true
8ad09564-3cd7-4419-9b22-8c4b11786c27,29,2025-06-18T09:30:39.820Z,pay_Cqkrtc10utDg0p1keG2b,36,Mastercard,555555,succeeded,Credit,credit,N/A,No,0,No,N/A
8ad09564-3cd7-4419-9b22-8c4b11786c27,29,2025-06-18T09:30:41.685Z,pay_qQQf4a7tP1ostrw8Fj9e,65,Accel,440000,succeeded,Regulated Debit,debit,"ACCEL, STAR, VISA",Yes,0.11,Yes,true
8ad09564-3cd7-4419-9b22-8c4b11786c27,30,2025-06-18T09:30:22.659Z,N/A,75,N/A,N/A,"FAILED_HS_HTTP_HTTP 429: ""<!DOCTYPE html>\n<html>\n<head>\n  <title>Rate Limit Exceeded</title>\n</head>\n<body>\n  <h1>Rate Limit Exceeded</h1>\n  <p>Too Many Requests - You have exceeded the rate limit. Please try again aft",Regulated Debit,debit,N/A,No,0,N/A,N/A
8ad09564-3cd7-4419-9b22-8c4b11786c27,30,2025-06-18T09:30:23.874Z,pay_inBTWZjxC7Wj5eMda6Xm,9,Visa,400003,succeeded,Global Cheaper (Special),debit,"VISA, PULSE, NYCE",Yes,0,No,false
8ad09564-3cd7-4419-9b22-8c4b11786c27,30,2025-06-18T09:30:25.780Z,pay_TdsPR4sHtmkxgSl4K9jq,63,Mastercard,555555,succeeded,Credit,credit,N/A,No,0,No,N/A
8ad09564-3cd7-4419-9b22-8c4b11786c27,30,2025-06-18T09:30:27.366Z,pay_3tvh8w5t0tzPX6zusZGu,22,Visa,411111,succeeded,Not Co-badged Debit,debit,N/A,No,0,No,N/A
8ad09564-3cd7-4419-9b22-8c4b11786c27,30,2025-06-18T09:30:29.287Z,pay_FRI4jOaaPmeGeWaeSRRJ,63,Accel,440000,succeeded,Regulated Debit,debit,"ACCEL, STAR, VISA",Yes,0.11,Yes,true
8ad09564-3cd7-4419-9b22-8c4b11786c27,30,2025-06-18T09:30:30.981Z,pay_uWXHAGpjbA2xGAknPknC,33,Visa,411111,succeeded,Not Co-badged Debit,debit,N/A,No,0,No,N/A
8ad09564-3cd7-4419-9b22-8c4b11786c27,30,2025-06-18T09:30:32.761Z,pay_I8PWJSQjJMjm8530Gvbx,81,Accel,440000,succeeded,Regulated Debit,debit,"ACCEL, STAR, VISA",Yes,0.11,Yes,true
8ad09564-3cd7-4419-9b22-8c4b11786c27,30,2025-06-18T09:30:34.539Z,pay_y9iORYE31tvssAgSA0em,53,Accel,440000,succeeded,Regulated Debit,debit,"ACCEL, STAR, VISA",Yes,0.1,Yes,true
8ad09564-3cd7-4419-9b22-8c4b11786c27,30,2025-06-18T09:30:36.832Z,pay_02VWri9w95HgwV6as2NL,62,Mastercard,555555,succeeded,Credit,credit,N/A,No,0,No,N/A
8ad09564-3cd7-4419-9b22-8c4b11786c27,30,2025-06-18T09:30:38.746Z,pay_mDmt1X1niAO3KvVpH0uE,31,Accel,440000,succeeded,Regulated Debit,debit,"ACCEL, STAR, VISA",Yes,0.07,Yes,true
8ad09564-3cd7-4419-9b22-8c4b11786c27,31,2025-06-18T09:30:22.659Z,pay_kKmM4yH6iZxdvxhQxhJ4,15,Star,440000,succeeded,Regulated Debit,debit,"STAR, ACCEL, VISA",Yes,0.07,Yes,true
8ad09564-3cd7-4419-9b22-8c4b11786c27,31,2025-06-18T09:30:26.019Z,pay_M5bATd27TM0AAq3HzjLV,49,Accel,440000,succeeded,Regulated Debit,debit,"ACCEL, STAR, VISA",Yes,0.1,Yes,true
8ad09564-3cd7-4419-9b22-8c4b11786c27,31,2025-06-18T09:30:27.832Z,pay_K9qLwt6JIrP2rE2w66IS,4,Star,440000,succeeded,Regulated Debit,debit,"STAR, VISA, ACCEL",Yes,0.16,Yes,true
8ad09564-3cd7-4419-9b22-8c4b11786c27,31,2025-06-18T09:30:29.733Z,pay_bMqKtDQjbdAfXdNoMOUX,92,Accel,440000,succeeded,Regulated Debit,debit,"ACCEL, STAR, VISA",Yes,0.12,Yes,true
8ad09564-3cd7-4419-9b22-8c4b11786c27,31,2025-06-18T09:30:31.632Z,pay_vCX32AVSnwcF61KNzDdo,99,Accel,440000,succeeded,Regulated Debit,debit,"ACCEL, STAR, VISA",Yes,0.12,Yes,true
8ad09564-3cd7-4419-9b22-8c4b11786c27,31,2025-06-18T09:30:33.431Z,pay_lR4TuqFHy35STSNMJFn8,7,Visa,400003,succeeded,Global Cheaper (Special),debit,"VISA, PULSE, NYCE",Yes,0,No,false
8ad09564-3cd7-4419-9b22-8c4b11786c27,31,2025-06-18T09:30:35.279Z,pay_4KUE24GcXe9UDIC8YxBE,89,Mastercard,555555,succeeded,Credit,credit,N/A,No,0,No,N/A
8ad09564-3cd7-4419-9b22-8c4b11786c27,31,2025-06-18T09:30:37.343Z,pay_wNMDmZL8bxJGuYzpmxWf,76,Accel,440000,succeeded,Regulated Debit,debit,"ACCEL, STAR, VISA",Yes,0.11,Yes,true
8ad09564-3cd7-4419-9b22-8c4b11786c27,31,2025-06-18T09:30:39.157Z,pay_qR5lzun4XcfEyEuPOCpi,100,Mastercard,555555,succeeded,Credit,credit,N/A,No,0,No,N/A
8ad09564-3cd7-4419-9b22-8c4b11786c27,31,2025-06-18T09:30:40.839Z,pay_oO5Cd6w11iQ3nq8Jcixy,60,Visa,411111,succeeded,Not Co-badged Debit,debit,N/A,No,0,No,N/A
8ad09564-3cd7-4419-9b22-8c4b11786c27,32,2025-06-18T09:30:22.660Z,pay_vqOW5iUhThco1VM1VDao,20,Mastercard,555555,succeeded,Credit,credit,N/A,No,0,No,N/A
8ad09564-3cd7-4419-9b22-8c4b11786c27,32,2025-06-18T09:30:24.912Z,pay_6W1Rz4RRo5Kf9CyqbBKt,60,Accel,440000,succeeded,Regulated Debit,debit,"ACCEL, STAR, VISA",Yes,0.1,Yes,true
8ad09564-3cd7-4419-9b22-8c4b11786c27,32,2025-06-18T09:30:26.745Z,pay_8bx2ly2zePxUpLqtbZgV,36,Accel,440000,succeeded,Regulated Debit,debit,"ACCEL, STAR, VISA",Yes,0.08,Yes,true
8ad09564-3cd7-4419-9b22-8c4b11786c27,32,2025-06-18T09:30:28.750Z,pay_s8x2qhDRaOBTuZUkfTCa,77,Accel,440000,succeeded,Regulated Debit,debit,"ACCEL, STAR, VISA",Yes,0.11,Yes,true
8ad09564-3cd7-4419-9b22-8c4b11786c27,32,2025-06-18T09:30:31.008Z,pay_tJU9SxS60PqsaqqBVxdm,93,Visa,411111,succeeded,Not Co-badged Debit,debit,N/A,No,0,No,N/A
8ad09564-3cd7-4419-9b22-8c4b11786c27,32,2025-06-18T09:30:32.926Z,pay_mJW4mhMQEeiOdWRzs10l,90,Accel,440000,succeeded,Regulated Debit,debit,"ACCEL, STAR, VISA",Yes,0.12,Yes,true
8ad09564-3cd7-4419-9b22-8c4b11786c27,32,2025-06-18T09:30:34.602Z,pay_tQ12QF7PInT0q83iZAFe,77,Mastercard,555555,succeeded,Credit,credit,N/A,No,0,No,N/A
8ad09564-3cd7-4419-9b22-8c4b11786c27,32,2025-06-18T09:30:36.477Z,pay_eI94iGfYBtVxf48LM5jm,45,Visa,411111,succeeded,Not Co-badged Debit,debit,N/A,No,0,No,N/A
8ad09564-3cd7-4419-9b22-8c4b11786c27,32,2025-06-18T09:30:38.835Z,pay_HlyAH6aufWTPkhPbZ6cF,38,Visa,411111,succeeded,Not Co-badged Debit,debit,N/A,No,0,No,N/A
8ad09564-3cd7-4419-9b22-8c4b11786c27,32,2025-06-18T09:30:40.555Z,pay_j2nxcJyDLwlpQokrUWsw,60,Accel,440000,succeeded,Regulated Debit,debit,"ACCEL, STAR, VISA",Yes,0.1,Yes,true
8ad09564-3cd7-4419-9b22-8c4b11786c27,33,2025-06-18T09:30:22.661Z,pay_hz3zqCridPVDBoMoiMwN,54,Mastercard,555555,succeeded,Credit,credit,N/A,No,0,No,N/A
8ad09564-3cd7-4419-9b22-8c4b11786c27,33,2025-06-18T09:30:24.985Z,pay_usFQzEl76TYZYyyN2A3x,5,Star,440000,succeeded,Regulated Debit,debit,"STAR, VISA, ACCEL",Yes,0.14,Yes,true
8ad09564-3cd7-4419-9b22-8c4b11786c27,33,2025-06-18T09:30:26.854Z,pay_49NzZ2Q43NCcmzQkIuzI,25,Accel,440000,succeeded,Regulated Debit,debit,"ACCEL, STAR, VISA",Yes,0.06,Yes,true
8ad09564-3cd7-4419-9b22-8c4b11786c27,33,2025-06-18T09:30:28.637Z,pay_IU2yFKXSCkaHnklg73Uf,29,Accel,440000,succeeded,Regulated Debit,debit,"ACCEL, STAR, VISA",Yes,0.07,Yes,true
8ad09564-3cd7-4419-9b22-8c4b11786c27,33,2025-06-18T09:30:30.631Z,pay_TIXHHp2fXgce68GxMWvH,97,Accel,440000,succeeded,Regulated Debit,debit,"ACCEL, STAR, VISA",Yes,0.12,Yes,true
8ad09564-3cd7-4419-9b22-8c4b11786c27,33,2025-06-18T09:30:32.473Z,pay_VQOvP8OP7vd7Mi4HXCtU,9,Visa,400003,succeeded,Global Cheaper (Special),debit,"VISA, PULSE, NYCE",Yes,0,No,false
8ad09564-3cd7-4419-9b22-8c4b11786c27,33,2025-06-18T09:30:34.482Z,pay_wh7f9nHK71ig7mgaSYIq,99,Accel,440000,succeeded,Regulated Debit,debit,"ACCEL, STAR, VISA",Yes,0.12,Yes,true
8ad09564-3cd7-4419-9b22-8c4b11786c27,33,2025-06-18T09:30:37.291Z,pay_zTvHJj6mSRYm9i6DRUxM,64,Accel,440000,succeeded,Regulated Debit,debit,"ACCEL, STAR, VISA",Yes,0.11,Yes,true
8ad09564-3cd7-4419-9b22-8c4b11786c27,33,2025-06-18T09:30:39.515Z,pay_NNxPCrCoxyvmeZnOXw4m,95,Accel,440000,succeeded,Regulated Debit,debit,"ACCEL, STAR, VISA",Yes,0.12,Yes,true
8ad09564-3cd7-4419-9b22-8c4b11786c27,33,2025-06-18T09:30:41.687Z,pay_6Fy7vFstraAvbXPGOc3s,15,Star,440000,succeeded,Regulated Debit,debit,"STAR, ACCEL, VISA",Yes,0.07,Yes,true
8ad09564-3cd7-4419-9b22-8c4b11786c27,34,2025-06-18T09:30:22.661Z,pay_RAqy1xSPj0tExMthIOKX,71,Accel,440000,succeeded,Regulated Debit,debit,"ACCEL, STAR, VISA",Yes,0.11,Yes,true
8ad09564-3cd7-4419-9b22-8c4b11786c27,34,2025-06-18T09:30:26.019Z,pay_r0grsiPwY1bjMBipKAD4,37,Accel,440000,succeeded,Regulated Debit,debit,"ACCEL, STAR, VISA",Yes,0.08,Yes,true
8ad09564-3cd7-4419-9b22-8c4b11786c27,34,2025-06-18T09:30:27.859Z,pay_WYLc5shyExb3t8zi90sO,79,Accel,440000,succeeded,Regulated Debit,debit,"ACCEL, STAR, VISA",Yes,0.11,Yes,true
8ad09564-3cd7-4419-9b22-8c4b11786c27,34,2025-06-18T09:30:29.516Z,pay_uVXTBfGkuIyLbIy4fPhr,77,Accel,440000,succeeded,Regulated Debit,debit,"ACCEL, STAR, VISA",Yes,0.11,Yes,true
8ad09564-3cd7-4419-9b22-8c4b11786c27,34,2025-06-18T09:30:31.424Z,pay_OhJF3F1NFERK3KgAQ53Q,8,Visa,400003,succeeded,Global Cheaper (Special),debit,"VISA, PULSE, NYCE",Yes,0,No,false
8ad09564-3cd7-4419-9b22-8c4b11786c27,34,2025-06-18T09:30:33.373Z,pay_5lBwBh09f12LqpAYxaT3,38,Mastercard,555555,succeeded,Credit,credit,N/A,No,0,No,N/A
8ad09564-3cd7-4419-9b22-8c4b11786c27,34,2025-06-18T09:30:35.251Z,pay_o6YLGmqS8ZEIVo3lDN7P,33,Accel,440000,succeeded,Regulated Debit,debit,"ACCEL, STAR, VISA",Yes,0.08,Yes,true
8ad09564-3cd7-4419-9b22-8c4b11786c27,34,2025-06-18T09:30:36.932Z,pay_BwPP0Wwd1aSoPDbxYz3K,41,Accel,440000,succeeded,Regulated Debit,debit,"ACCEL, STAR, VISA",Yes,0.09,Yes,true
8ad09564-3cd7-4419-9b22-8c4b11786c27,34,2025-06-18T09:30:38.949Z,pay_8zf7wiVxIUQDuLYCGI5g,56,Visa,411111,succeeded,Not Co-badged Debit,debit,N/A,No,0,No,N/A
8ad09564-3cd7-4419-9b22-8c4b11786c27,34,2025-06-18T09:30:40.965Z,pay_pqUNl6lmKDHYYMliaplO,4,Visa,411111,succeeded,Not Co-badged Debit,debit,N/A,No,0,No,N/A
8ad09564-3cd7-4419-9b22-8c4b11786c27,35,2025-06-18T09:30:22.662Z,pay_q2TbVs3hUdvZsG5Lv9mX,62,Accel,440000,succeeded,Regulated Debit,debit,"ACCEL, STAR, VISA",Yes,0.11,Yes,true
8ad09564-3cd7-4419-9b22-8c4b11786c27,35,2025-06-18T09:30:26.470Z,pay_ssOy1MoRbTGlCceZplMS,18,Star,440000,succeeded,Regulated Debit,debit,"STAR, ACCEL, VISA",Yes,0.07,Yes,true
8ad09564-3cd7-4419-9b22-8c4b11786c27,35,2025-06-18T09:30:28.530Z,pay_BF0nObPS057SVrCPCIwP,31,Accel,440000,succeeded,Regulated Debit,debit,"ACCEL, STAR, VISA",Yes,0.07,Yes,true
8ad09564-3cd7-4419-9b22-8c4b11786c27,35,2025-06-18T09:30:30.396Z,pay_DckmgbKLPqGbNL0ECnwR,27,Accel,440000,succeeded,Regulated Debit,debit,"ACCEL, STAR, VISA",Yes,0.06,Yes,true
8ad09564-3cd7-4419-9b22-8c4b11786c27,35,2025-06-18T09:30:32.473Z,pay_OukC50vPUwYwU95HC3vV,4,Mastercard,555555,succeeded,Credit,credit,N/A,No,0,No,N/A
8ad09564-3cd7-4419-9b22-8c4b11786c27,35,2025-06-18T09:30:34.052Z,pay_J5wcijB82YLMCZBTC0Ax,60,Accel,440000,succeeded,Regulated Debit,debit,"ACCEL, STAR, VISA",Yes,0.1,Yes,true
8ad09564-3cd7-4419-9b22-8c4b11786c27,35,2025-06-18T09:30:35.783Z,pay_haOZDkvppd1tds8s1JiL,67,Mastercard,555555,succeeded,Credit,credit,N/A,No,0,No,N/A
8ad09564-3cd7-4419-9b22-8c4b11786c27,35,2025-06-18T09:30:37.832Z,pay_8fgj2oztyePQ9u0JZAFC,48,Mastercard,555555,succeeded,Credit,credit,N/A,No,0,No,N/A
8ad09564-3cd7-4419-9b22-8c4b11786c27,35,2025-06-18T09:30:39.337Z,pay_vPJzppKCKna3niOtBA3D,44,Visa,411111,succeeded,Not Co-badged Debit,debit,N/A,No,0,No,N/A
8ad09564-3cd7-4419-9b22-8c4b11786c27,35,2025-06-18T09:30:41.538Z,pay_17wDJ8PAXnqpzvGQscat,42,Accel,440000,succeeded,Regulated Debit,debit,"ACCEL, STAR, VISA",Yes,0.09,Yes,true
8ad09564-3cd7-4419-9b22-8c4b11786c27,36,2025-06-18T09:30:22.662Z,pay_8ToTBzHLDXbM0RZ6o4QS,34,Accel,440000,succeeded,Regulated Debit,debit,"ACCEL, STAR, VISA",Yes,0.08,Yes,true
8ad09564-3cd7-4419-9b22-8c4b11786c27,36,2025-06-18T09:30:25.606Z,pay_TabQkmBXw47Ob0qTCnPu,67,Accel,500251,succeeded,Unregulated Debit,debit,"ACCEL, STAR, MASTERCARD",Yes,0.41,Yes,false
8ad09564-3cd7-4419-9b22-8c4b11786c27,36,2025-06-18T09:30:27.343Z,pay_Mo6ScjFSGi312lY7ySry,89,Visa,411111,succeeded,Not Co-badged Debit,debit,N/A,No,0,No,N/A
8ad09564-3cd7-4419-9b22-8c4b11786c27,36,2025-06-18T09:30:29.080Z,pay_rX8jWu4gaqykP6Q1cbo7,83,Accel,440000,succeeded,Regulated Debit,debit,"ACCEL, STAR, VISA",Yes,0.11,Yes,true
8ad09564-3cd7-4419-9b22-8c4b11786c27,36,2025-06-18T09:30:31.156Z,pay_rNW4h69hN1yWo8kASYqd,97,Accel,440000,succeeded,Regulated Debit,debit,"ACCEL, STAR, VISA",Yes,0.12,Yes,true
8ad09564-3cd7-4419-9b22-8c4b11786c27,36,2025-06-18T09:30:33.164Z,pay_6yDQTf5otF8MKjAlyFEK,17,Star,440000,succeeded,Regulated Debit,debit,"STAR, ACCEL, VISA",Yes,0.07,Yes,true
8ad09564-3cd7-4419-9b22-8c4b11786c27,36,2025-06-18T09:30:35.004Z,pay_0k8nxM4RAEFIXVJRIpDM,58,Accel,440000,succeeded,Regulated Debit,debit,"ACCEL, STAR, VISA",Yes,0.1,Yes,true
8ad09564-3cd7-4419-9b22-8c4b11786c27,36,2025-06-18T09:30:36.860Z,pay_LJlZXCjmIawgHCiMnIfV,23,Star,440000,succeeded,Regulated Debit,debit,"STAR, ACCEL, VISA",Yes,0.06,Yes,true
8ad09564-3cd7-4419-9b22-8c4b11786c27,36,2025-06-18T09:30:38.910Z,pay_DsGSShFK8Ol6XkhAJg5d,9,Star,440000,succeeded,Regulated Debit,debit,"STAR, VISA, ACCEL",Yes,0.09,Yes,true
8ad09564-3cd7-4419-9b22-8c4b11786c27,36,2025-06-18T09:30:40.640Z,pay_OZld86mUwivemz2GzLJ0,93,Accel,440000,succeeded,Regulated Debit,debit,"ACCEL, STAR, VISA",Yes,0.12,Yes,true
8ad09564-3cd7-4419-9b22-8c4b11786c27,37,2025-06-18T09:30:22.663Z,pay_CJMnsen3lGNqGWSnrJP6,21,Accel,500251,succeeded,Unregulated Debit,debit,"ACCEL, STAR, MASTERCARD",Yes,0.77,Yes,false
8ad09564-3cd7-4419-9b22-8c4b11786c27,37,2025-06-18T09:30:26.133Z,pay_JddQmNbmoQDozT3WWQ3a,22,Mastercard,555555,succeeded,Credit,credit,N/A,No,0,No,N/A
8ad09564-3cd7-4419-9b22-8c4b11786c27,37,2025-06-18T09:30:27.878Z,pay_HVgnE573h2BonHFHUVCV,73,Accel,440000,succeeded,Regulated Debit,debit,"ACCEL, STAR, VISA",Yes,0.11,Yes,true
8ad09564-3cd7-4419-9b22-8c4b11786c27,37,2025-06-18T09:30:29.647Z,pay_BVynSnuDdOjXm30pfH2q,58,Accel,440000,succeeded,Regulated Debit,debit,"ACCEL, STAR, VISA",Yes,0.1,Yes,true
8ad09564-3cd7-4419-9b22-8c4b11786c27,37,2025-06-18T09:30:31.591Z,pay_O68XilMAPAoaZQxaBWuD,12,Star,440000,succeeded,Regulated Debit,debit,"STAR, VISA, ACCEL",Yes,0.08,Yes,true
8ad09564-3cd7-4419-9b22-8c4b11786c27,37,2025-06-18T09:30:33.461Z,pay_2e5vv10Oe3WcwUWKLeLL,51,Mastercard,555555,succeeded,Credit,credit,N/A,No,0,No,N/A
8ad09564-3cd7-4419-9b22-8c4b11786c27,37,2025-06-18T09:30:35.401Z,pay_hrgFOFarP1CYiXdE8AZE,65,Accel,500251,succeeded,Unregulated Debit,debit,"ACCEL, STAR, MASTERCARD",Yes,0.42,Yes,false
8ad09564-3cd7-4419-9b22-8c4b11786c27,37,2025-06-18T09:30:37.408Z,pay_2GuiV8PJTGil80mX4gAD,94,Accel,500251,succeeded,Unregulated Debit,debit,"ACCEL, STAR, MASTERCARD",Yes,0.37,Yes,false
8ad09564-3cd7-4419-9b22-8c4b11786c27,37,2025-06-18T09:30:39.297Z,pay_HB2dJNP0M2WOoOrNQ0CT,71,Accel,440000,succeeded,Regulated Debit,debit,"ACCEL, STAR, VISA",Yes,0.11,Yes,true
8ad09564-3cd7-4419-9b22-8c4b11786c27,37,2025-06-18T09:30:41.643Z,pay_T4DtdoB4spqBI54NrPxL,6,Visa,400003,succeeded,Global Cheaper (Special),debit,"VISA, PULSE, NYCE",Yes,0,No,false
8ad09564-3cd7-4419-9b22-8c4b11786c27,38,2025-06-18T09:30:22.664Z,pay_Und2jrdqFnbxo0iLhRxO,53,Accel,440000,succeeded,Regulated Debit,debit,"ACCEL, STAR, VISA",Yes,0.1,Yes,true
8ad09564-3cd7-4419-9b22-8c4b11786c27,38,2025-06-18T09:30:25.887Z,pay_zBSHV2Ns1kF0pSBvSrpj,74,Accel,440000,succeeded,Regulated Debit,debit,"ACCEL, STAR, VISA",Yes,0.11,Yes,true
8ad09564-3cd7-4419-9b22-8c4b11786c27,38,2025-06-18T09:30:27.731Z,pay_UoICmy7riNB862IaT60k,71,Accel,440000,succeeded,Regulated Debit,debit,"ACCEL, STAR, VISA",Yes,0.11,Yes,true
8ad09564-3cd7-4419-9b22-8c4b11786c27,38,2025-06-18T09:30:29.550Z,pay_qX3lT4cirGBua9Spo1YP,98,Accel,440000,succeeded,Regulated Debit,debit,"ACCEL, STAR, VISA",Yes,0.12,Yes,true
8ad09564-3cd7-4419-9b22-8c4b11786c27,38,2025-06-18T09:30:31.601Z,pay_u90i06gL0p0dqhFua0oJ,94,Visa,411111,succeeded,Not Co-badged Debit,debit,N/A,No,0,No,N/A
8ad09564-3cd7-4419-9b22-8c4b11786c27,38,2025-06-18T09:30:33.488Z,pay_03AVBKTnXu78v7VKAbFV,35,Accel,440000,succeeded,Regulated Debit,debit,"ACCEL, STAR, VISA",Yes,0.08,Yes,true
8ad09564-3cd7-4419-9b22-8c4b11786c27,38,2025-06-18T09:30:35.460Z,pay_JjpCL5FykJbOJjISbzcW,56,Accel,440000,succeeded,Regulated Debit,debit,"ACCEL, STAR, VISA",Yes,0.1,Yes,true
8ad09564-3cd7-4419-9b22-8c4b11786c27,38,2025-06-18T09:30:37.407Z,pay_LTw9twIngNcD63nXqjd2,54,Accel,440000,succeeded,Regulated Debit,debit,"ACCEL, STAR, VISA",Yes,0.1,Yes,true
8ad09564-3cd7-4419-9b22-8c4b11786c27,38,2025-06-18T09:30:39.082Z,pay_8zgBer5XacM5kiHh04wG,19,Star,440000,succeeded,Regulated Debit,debit,"STAR, ACCEL, VISA",Yes,0.06,Yes,true
8ad09564-3cd7-4419-9b22-8c4b11786c27,38,2025-06-18T09:30:41.144Z,pay_28VPeoLEmeTf6grmeRb4,82,Accel,440000,succeeded,Regulated Debit,debit,"ACCEL, STAR, VISA",Yes,0.11,Yes,true
8ad09564-3cd7-4419-9b22-8c4b11786c27,39,2025-06-18T09:30:22.664Z,pay_0xIxeiFAjg5QTHreDcJC,17,Star,440000,succeeded,Regulated Debit,debit,"STAR, ACCEL, VISA",Yes,0.07,Yes,true
8ad09564-3cd7-4419-9b22-8c4b11786c27,39,2025-06-18T09:30:26.351Z,pay_dGxax8h87Ivy8a2vVFhW,11,Star,440000,succeeded,Regulated Debit,debit,"STAR, VISA, ACCEL",Yes,0.08,Yes,true
8ad09564-3cd7-4419-9b22-8c4b11786c27,39,2025-06-18T09:30:28.488Z,pay_LUJF0k8fK5K5PHrjo8Fu,63,Visa,411111,succeeded,Not Co-badged Debit,debit,N/A,No,0,No,N/A
8ad09564-3cd7-4419-9b22-8c4b11786c27,39,2025-06-18T09:30:30.259Z,pay_jdO8f7JQurt1bKs8vyC3,32,Mastercard,555555,succeeded,Credit,credit,N/A,No,0,No,N/A
8ad09564-3cd7-4419-9b22-8c4b11786c27,39,2025-06-18T09:30:32.105Z,pay_0hS15JYD016PUJrpy8Yi,56,Accel,440000,succeeded,Regulated Debit,debit,"ACCEL, STAR, VISA",Yes,0.1,Yes,true
8ad09564-3cd7-4419-9b22-8c4b11786c27,39,2025-06-18T09:30:33.953Z,pay_7CdBVDsRT6KbqzYuJ3PU,53,Accel,440000,succeeded,Regulated Debit,debit,"ACCEL, STAR, VISA",Yes,0.1,Yes,true
8ad09564-3cd7-4419-9b22-8c4b11786c27,39,2025-06-18T09:30:35.762Z,pay_Ij0Ekt9dZliifBIqoB2d,28,Accel,440000,succeeded,Regulated Debit,debit,"ACCEL, STAR, VISA",Yes,0.07,Yes,true
8ad09564-3cd7-4419-9b22-8c4b11786c27,39,2025-06-18T09:30:37.408Z,pay_yiHjGEjFZn2dKTABblLy,49,Accel,500251,succeeded,Unregulated Debit,debit,"ACCEL, STAR, MASTERCARD",Yes,0.47,Yes,false
8ad09564-3cd7-4419-9b22-8c4b11786c27,39,2025-06-18T09:30:39.075Z,pay_HANf0G8Af6mP6JUfZwax,96,Mastercard,555555,succeeded,Credit,credit,N/A,No,0,No,N/A
8ad09564-3cd7-4419-9b22-8c4b11786c27,39,2025-06-18T09:30:40.610Z,pay_hYfONjLkt0VM9KIbd4YR,30,Accel,440000,succeeded,Regulated Debit,debit,"ACCEL, STAR, VISA",Yes,0.07,Yes,true
8ad09564-3cd7-4419-9b22-8c4b11786c27,40,2025-06-18T09:30:22.665Z,pay_hr2X7ziipo9SqgtBHlvg,82,Accel,440000,succeeded,Regulated Debit,debit,"ACCEL, STAR, VISA",Yes,0.11,Yes,true
8ad09564-3cd7-4419-9b22-8c4b11786c27,40,2025-06-18T09:30:25.449Z,pay_UpT10ob2pdF5xsUTCs5Y,26,Visa,411111,succeeded,Not Co-badged Debit,debit,N/A,No,0,No,N/A
8ad09564-3cd7-4419-9b22-8c4b11786c27,40,2025-06-18T09:30:27.403Z,pay_0YuDlqP89qXJE2wJVirt,7,Visa,400003,succeeded,Global Cheaper (Special),debit,"VISA, PULSE, NYCE",Yes,0,No,false
8ad09564-3cd7-4419-9b22-8c4b11786c27,40,2025-06-18T09:30:29.401Z,pay_a2ANVyINZPhX47984jXo,32,Accel,440000,succeeded,Regulated Debit,debit,"ACCEL, STAR, VISA",Yes,0.08,Yes,true
8ad09564-3cd7-4419-9b22-8c4b11786c27,40,2025-06-18T09:30:31.382Z,pay_MCZTIZyuxhMVreiSl538,88,Accel,440000,succeeded,Regulated Debit,debit,"ACCEL, STAR, VISA",Yes,0.11,Yes,true
8ad09564-3cd7-4419-9b22-8c4b11786c27,40,2025-06-18T09:30:33.172Z,pay_SYaMJ2dqTUT0XWheEnBh,59,Accel,440000,succeeded,Regulated Debit,debit,"ACCEL, STAR, VISA",Yes,0.1,Yes,true
8ad09564-3cd7-4419-9b22-8c4b11786c27,40,2025-06-18T09:30:35.055Z,pay_6LD17HBP4bbzl07mBBnv,16,Star,440000,succeeded,Regulated Debit,debit,"STAR, ACCEL, VISA",Yes,0.07,Yes,true
8ad09564-3cd7-4419-9b22-8c4b11786c27,40,2025-06-18T09:30:36.857Z,pay_9Ts4fJYavM6LZ7G3bpev,73,Mastercard,555555,succeeded,Credit,credit,N/A,No,0,No,N/A
8ad09564-3cd7-4419-9b22-8c4b11786c27,40,2025-06-18T09:30:38.636Z,pay_Te2yZQpjxJdN4VPukb4Q,16,Star,440000,succeeded,Regulated Debit,debit,"STAR, ACCEL, VISA",Yes,0.07,Yes,true
8ad09564-3cd7-4419-9b22-8c4b11786c27,40,2025-06-18T09:30:40.448Z,pay_ZK1VQ9Ly4FjeFJEfIabs,87,Accel,440000,succeeded,Regulated Debit,debit,"ACCEL, STAR, VISA",Yes,0.11,Yes,true
8ad09564-3cd7-4419-9b22-8c4b11786c27,41,2025-06-18T09:30:22.665Z,N/A,88,N/A,N/A,"FAILED_HS_HTTP_HTTP 429: ""<!DOCTYPE html>\n<html>\n<head>\n  <title>Rate Limit Exceeded</title>\n</head>\n<body>\n  <h1>Rate Limit Exceeded</h1>\n  <p>Too Many Requests - You have exceeded the rate limit. Please try again aft",Not Co-badged Debit,debit,N/A,No,0,No,N/A
8ad09564-3cd7-4419-9b22-8c4b11786c27,41,2025-06-18T09:30:23.880Z,pay_BWw2jV1pr9XGQGNN4lJY,61,Visa,411111,succeeded,Not Co-badged Debit,debit,N/A,No,0,No,N/A
8ad09564-3cd7-4419-9b22-8c4b11786c27,41,2025-06-18T09:30:26.179Z,pay_CiJbtAxNKI1Yo0AN8Qyc,94,Accel,440000,succeeded,Regulated Debit,debit,"ACCEL, STAR, VISA",Yes,0.12,Yes,true
8ad09564-3cd7-4419-9b22-8c4b11786c27,41,2025-06-18T09:30:28.146Z,pay_ujkVUT98tlYeHqR4JIdG,81,Accel,440000,succeeded,Regulated Debit,debit,"ACCEL, STAR, VISA",Yes,0.11,Yes,true
8ad09564-3cd7-4419-9b22-8c4b11786c27,41,2025-06-18T09:30:29.848Z,pay_LvbCHUJhfbqR3EhmjtKG,50,Accel,440000,succeeded,Regulated Debit,debit,"ACCEL, STAR, VISA",Yes,0.1,Yes,true
8ad09564-3cd7-4419-9b22-8c4b11786c27,41,2025-06-18T09:30:32.031Z,pay_uszj2scuxgSKLIcGgPY4,17,Nyce,400003,succeeded,Unregulated Debit (Special),debit,"NYCE, PULSE, VISA",Yes,0.05,Yes,false
8ad09564-3cd7-4419-9b22-8c4b11786c27,41,2025-06-18T09:30:34.004Z,pay_1CggIte5TddItonfnCWf,34,Accel,440000,succeeded,Regulated Debit,debit,"ACCEL, STAR, VISA",Yes,0.08,Yes,true
8ad09564-3cd7-4419-9b22-8c4b11786c27,41,2025-06-18T09:30:35.762Z,pay_bmaf5SOmEbqPKl8dOa2b,49,Mastercard,555555,succeeded,Credit,credit,N/A,No,0,No,N/A
8ad09564-3cd7-4419-9b22-8c4b11786c27,41,2025-06-18T09:30:37.344Z,pay_6rehCkkJFxK8zXQVkciH,97,Accel,440000,succeeded,Regulated Debit,debit,"ACCEL, STAR, VISA",Yes,0.12,Yes,true
8ad09564-3cd7-4419-9b22-8c4b11786c27,41,2025-06-18T09:30:39.473Z,pay_GE5x5hE9ftTtSXBNYcj5,49,Accel,440000,succeeded,Regulated Debit,debit,"ACCEL, STAR, VISA",Yes,0.1,Yes,true
8ad09564-3cd7-4419-9b22-8c4b11786c27,42,2025-06-18T09:30:22.666Z,pay_VrwQe2yJJvYdQhzqnGhA,17,Star,440000,succeeded,Regulated Debit,debit,"STAR, ACCEL, VISA",Yes,0.07,Yes,true
8ad09564-3cd7-4419-9b22-8c4b11786c27,42,2025-06-18T09:30:26.472Z,pay_i2trssrv5FFCTlEfwxGF,10,Visa,400003,succeeded,Global Cheaper (Special),debit,"VISA, PULSE, NYCE",Yes,0,No,false
8ad09564-3cd7-4419-9b22-8c4b11786c27,42,2025-06-18T09:30:28.486Z,pay_smlCwwOShSMf1qDxK2tg,45,Accel,440000,succeeded,Regulated Debit,debit,"ACCEL, STAR, VISA",Yes,0.09,Yes,true
8ad09564-3cd7-4419-9b22-8c4b11786c27,42,2025-06-18T09:30:30.412Z,pay_AqRgbc5ECgruqMRu5Sh3,100,Accel,440000,succeeded,Regulated Debit,debit,"ACCEL, STAR, VISA",Yes,0.12,Yes,true
8ad09564-3cd7-4419-9b22-8c4b11786c27,42,2025-06-18T09:30:32.457Z,pay_hp3r89kyP5tZe7r0acsK,4,Visa,400003,succeeded,Global Cheaper (Special),debit,"VISA, PULSE, NYCE",Yes,0,No,false
8ad09564-3cd7-4419-9b22-8c4b11786c27,42,2025-06-18T09:30:34.479Z,pay_TIIY6KT3RLVv5rXtMxFf,38,Mastercard,555555,succeeded,Credit,credit,N/A,No,0,No,N/A
8ad09564-3cd7-4419-9b22-8c4b11786c27,42,2025-06-18T09:30:36.728Z,pay_AS287KIpAzgKgBdW15Ad,97,Accel,440000,succeeded,Regulated Debit,debit,"ACCEL, STAR, VISA",Yes,0.12,Yes,true
8ad09564-3cd7-4419-9b22-8c4b11786c27,42,2025-06-18T09:30:38.635Z,pay_wGNqJ8A9WD7soQ0TsERE,45,Mastercard,555555,succeeded,Credit,credit,N/A,No,0,No,N/A
8ad09564-3cd7-4419-9b22-8c4b11786c27,42,2025-06-18T09:30:40.237Z,pay_Kx52rrCuAZDi9yoTgVjO,72,Nyce,400003,succeeded,Unregulated Debit (Special),debit,"NYCE, PULSE, VISA",Yes,0.31,Yes,false
8ad09564-3cd7-4419-9b22-8c4b11786c27,42,2025-06-18T09:30:42.055Z,pay_Xtz66S4Adn1DQfLZcWX1,48,Accel,440000,succeeded,Regulated Debit,debit,"ACCEL, STAR, VISA",Yes,0.1,Yes,true
8ad09564-3cd7-4419-9b22-8c4b11786c27,43,2025-06-18T09:30:22.666Z,pay_nqNWUjygoWOvub0GVnTM,99,Mastercard,555555,succeeded,Credit,credit,N/A,No,0,No,N/A
8ad09564-3cd7-4419-9b22-8c4b11786c27,43,2025-06-18T09:30:25.031Z,pay_eUPhw5FevajuAXPKtLGv,63,Accel,440000,succeeded,Regulated Debit,debit,"ACCEL, STAR, VISA",Yes,0.11,Yes,true
8ad09564-3cd7-4419-9b22-8c4b11786c27,43,2025-06-18T09:30:26.795Z,pay_qvyQbZKYCpIcrEAjCnNA,51,Accel,440000,succeeded,Regulated Debit,debit,"ACCEL, STAR, VISA",Yes,0.1,Yes,true
8ad09564-3cd7-4419-9b22-8c4b11786c27,43,2025-06-18T09:30:28.752Z,pay_ID5cqGJRlYLL64EpVJgp,69,Accel,440000,succeeded,Regulated Debit,debit,"ACCEL, STAR, VISA",Yes,0.11,Yes,true
8ad09564-3cd7-4419-9b22-8c4b11786c27,43,2025-06-18T09:30:30.926Z,pay_Bi85LXFpUiVsXetfhNZm,19,Visa,411111,succeeded,Not Co-badged Debit,debit,N/A,No,0,No,N/A
8ad09564-3cd7-4419-9b22-8c4b11786c27,43,2025-06-18T09:30:32.672Z,pay_cg4jHAC38DXo0ajZNVh0,57,Accel,440000,succeeded,Regulated Debit,debit,"ACCEL, STAR, VISA",Yes,0.1,Yes,true
8ad09564-3cd7-4419-9b22-8c4b11786c27,43,2025-06-18T09:30:34.541Z,pay_U0WYC4snpf0EFJvGRQ63,90,Accel,440000,succeeded,Regulated Debit,debit,"ACCEL, STAR, VISA",Yes,0.12,Yes,true
8ad09564-3cd7-4419-9b22-8c4b11786c27,43,2025-06-18T09:30:36.698Z,pay_sZwE1BrL0LjurDiDQkFj,77,Visa,411111,succeeded,Not Co-badged Debit,debit,N/A,No,0,No,N/A
8ad09564-3cd7-4419-9b22-8c4b11786c27,43,2025-06-18T09:30:38.835Z,pay_FWXsvZeUPzmDDapxM6is,69,Accel,500251,succeeded,Unregulated Debit,debit,"ACCEL, STAR, MASTERCARD",Yes,0.41,Yes,false
8ad09564-3cd7-4419-9b22-8c4b11786c27,43,2025-06-18T09:30:40.672Z,pay_r8GGx8e3yMDldh7N3v6S,3,Star,440000,succeeded,Regulated Debit,debit,"STAR, VISA, ACCEL",Yes,0.2,Yes,true
8ad09564-3cd7-4419-9b22-8c4b11786c27,44,2025-06-18T09:30:22.667Z,pay_foXmDJllzdQeuqMGTVgj,13,Star,440000,succeeded,Regulated Debit,debit,"STAR, VISA, ACCEL",Yes,0.08,Yes,true
8ad09564-3cd7-4419-9b22-8c4b11786c27,44,2025-06-18T09:30:26.306Z,pay_L3pBhbzDlo1Vmb8omMdw,72,Accel,440000,succeeded,Regulated Debit,debit,"ACCEL, STAR, VISA",Yes,0.11,Yes,true
8ad09564-3cd7-4419-9b22-8c4b11786c27,44,2025-06-18T09:30:28.413Z,pay_eIFayPLqaWVVjM3xCs0t,9,Visa,411111,succeeded,Not Co-badged Debit,debit,N/A,No,0,No,N/A
8ad09564-3cd7-4419-9b22-8c4b11786c27,44,2025-06-18T09:30:30.337Z,pay_YPBzfo0kDO5SeQCo1z6b,52,Visa,411111,succeeded,Not Co-badged Debit,debit,N/A,No,0,No,N/A
8ad09564-3cd7-4419-9b22-8c4b11786c27,44,2025-06-18T09:30:32.204Z,pay_LLgtk7OCwlA0hYPC4R4w,97,Accel,440000,succeeded,Regulated Debit,debit,"ACCEL, STAR, VISA",Yes,0.12,Yes,true
8ad09564-3cd7-4419-9b22-8c4b11786c27,44,2025-06-18T09:30:34.000Z,pay_ggudojtv04SDHvSa1AQY,91,Accel,440000,succeeded,Regulated Debit,debit,"ACCEL, STAR, VISA",Yes,0.12,Yes,true
8ad09564-3cd7-4419-9b22-8c4b11786c27,44,2025-06-18T09:30:35.763Z,pay_XM4NYECF7AWbLlirrOI2,44,Accel,440000,succeeded,Regulated Debit,debit,"ACCEL, STAR, VISA",Yes,0.09,Yes,true
8ad09564-3cd7-4419-9b22-8c4b11786c27,44,2025-06-18T09:30:38.346Z,pay_2Rf5hXVY5UGKFHxbfnDl,83,Accel,440000,succeeded,Regulated Debit,debit,"ACCEL, STAR, VISA",Yes,0.11,Yes,true
8ad09564-3cd7-4419-9b22-8c4b11786c27,44,2025-06-18T09:30:40.108Z,pay_0js0Qlp68syuPsFGdBH7,23,Mastercard,555555,succeeded,Credit,credit,N/A,No,0,No,N/A
8ad09564-3cd7-4419-9b22-8c4b11786c27,44,2025-06-18T09:30:41.704Z,pay_UisfZbhaHa36TNrQKz8b,56,Accel,440000,succeeded,Regulated Debit,debit,"ACCEL, STAR, VISA",Yes,0.1,Yes,true
8ad09564-3cd7-4419-9b22-8c4b11786c27,45,2025-06-18T09:30:22.667Z,N/A,63,N/A,N/A,"FAILED_HS_HTTP_HTTP 429: ""<!DOCTYPE html>\n<html>\n<head>\n  <title>Rate Limit Exceeded</title>\n</head>\n<body>\n  <h1>Rate Limit Exceeded</h1>\n  <p>Too Many Requests - You have exceeded the rate limit. Please try again aft",Not Co-badged Debit,debit,N/A,No,0,No,N/A
8ad09564-3cd7-4419-9b22-8c4b11786c27,45,2025-06-18T09:30:23.878Z,pay_ogzavptyeVnlakeAyK3u,24,Visa,411111,succeeded,Not Co-badged Debit,debit,N/A,No,0,No,N/A
8ad09564-3cd7-4419-9b22-8c4b11786c27,45,2025-06-18T09:30:25.684Z,pay_UcXI0Nd0HBttnooK5ecm,88,Accel,440000,succeeded,Regulated Debit,debit,"ACCEL, STAR, VISA",Yes,0.11,Yes,true
8ad09564-3cd7-4419-9b22-8c4b11786c27,45,2025-06-18T09:30:27.552Z,pay_lIPtzCLNaF9WbNYKt0MM,37,Nyce,400003,succeeded,Unregulated Debit (Special),debit,"NYCE, PULSE, VISA",Yes,0.23,Yes,false
8ad09564-3cd7-4419-9b22-8c4b11786c27,45,2025-06-18T09:30:29.453Z,pay_j3KrurqS3AcJkKaRsGf6,40,Accel,440000,succeeded,Regulated Debit,debit,"ACCEL, STAR, VISA",Yes,0.09,Yes,true
8ad09564-3cd7-4419-9b22-8c4b11786c27,45,2025-06-18T09:30:31.376Z,pay_9ctdEpWDrmitkagkvB0P,69,Mastercard,555555,succeeded,Credit,credit,N/A,No,0,No,N/A
8ad09564-3cd7-4419-9b22-8c4b11786c27,45,2025-06-18T09:30:33.289Z,pay_BAcBzGI9Go4TUkJ88619,96,Accel,440000,succeeded,Regulated Debit,debit,"ACCEL, STAR, VISA",Yes,0.12,Yes,true
8ad09564-3cd7-4419-9b22-8c4b11786c27,45,2025-06-18T09:30:35.193Z,pay_CIBBwfBmYP4Nns4jCJHw,4,Mastercard,555555,succeeded,Credit,credit,N/A,No,0,No,N/A
8ad09564-3cd7-4419-9b22-8c4b11786c27,45,2025-06-18T09:30:37.070Z,pay_YMwt4WZSbtFvxjCqsNWR,63,Accel,440000,succeeded,Regulated Debit,debit,"ACCEL, STAR, VISA",Yes,0.11,Yes,true
8ad09564-3cd7-4419-9b22-8c4b11786c27,45,2025-06-18T09:30:38.744Z,pay_1eCJmVfXcOUFIMHMRbvy,66,Accel,500251,succeeded,Unregulated Debit,debit,"ACCEL, STAR, MASTERCARD",Yes,0.42,Yes,false
8ad09564-3cd7-4419-9b22-8c4b11786c27,46,2025-06-18T09:30:22.668Z,N/A,52,N/A,N/A,"FAILED_HS_HTTP_HTTP 429: ""<!DOCTYPE html>\n<html>\n<head>\n  <title>Rate Limit Exceeded</title>\n</head>\n<body>\n  <h1>Rate Limit Exceeded</h1>\n  <p>Too Many Requests - You have exceeded the rate limit. Please try again aft",Unregulated Debit,debit,N/A,No,0,N/A,N/A
8ad09564-3cd7-4419-9b22-8c4b11786c27,46,2025-06-18T09:30:24.133Z,pay_vqFx1iuGG6LBMOrFG0Ht,20,Star,440000,succeeded,Regulated Debit,debit,"STAR, ACCEL, VISA",Yes,0.06,Yes,true
8ad09564-3cd7-4419-9b22-8c4b11786c27,46,2025-06-18T09:30:25.978Z,pay_IQpdnKXXYvYk2whprYpw,93,Nyce,400003,succeeded,Unregulated Debit (Special),debit,"NYCE, PULSE, VISA",Yes,0.32,Yes,false
8ad09564-3cd7-4419-9b22-8c4b11786c27,46,2025-06-18T09:30:27.837Z,pay_ArEUmLcsqJ5AAzivfHSm,69,Visa,411111,succeeded,Not Co-badged Debit,debit,N/A,No,0,No,N/A
8ad09564-3cd7-4419-9b22-8c4b11786c27,46,2025-06-18T09:30:29.666Z,pay_ZbMHzl3T4a2pOnKM2kwC,45,Accel,440000,succeeded,Regulated Debit,debit,"ACCEL, STAR, VISA",Yes,0.09,Yes,true
8ad09564-3cd7-4419-9b22-8c4b11786c27,46,2025-06-18T09:30:31.481Z,pay_zCsGQzdA63g2mSRXI2X3,48,Accel,500251,succeeded,Unregulated Debit,debit,"ACCEL, STAR, MASTERCARD",Yes,0.48,Yes,false
8ad09564-3cd7-4419-9b22-8c4b11786c27,46,2025-06-18T09:30:33.406Z,pay_xH5LWKTlY90XibFngt7N,18,Star,440000,succeeded,Regulated Debit,debit,"STAR, ACCEL, VISA",Yes,0.07,Yes,true
8ad09564-3cd7-4419-9b22-8c4b11786c27,46,2025-06-18T09:30:35.538Z,pay_heqKaTMOGYt6Ipm6Q5iM,57,Accel,440000,succeeded,Regulated Debit,debit,"ACCEL, STAR, VISA",Yes,0.1,Yes,true
8ad09564-3cd7-4419-9b22-8c4b11786c27,46,2025-06-18T09:30:37.691Z,pay_MdZpH7S2Vcdo3YVK1eAm,43,Accel,440000,succeeded,Regulated Debit,debit,"ACCEL, STAR, VISA",Yes,0.09,Yes,true
8ad09564-3cd7-4419-9b22-8c4b11786c27,46,2025-06-18T09:30:39.443Z,pay_h6pAD8QN7dy32Yo601D2,97,Accel,440000,succeeded,Regulated Debit,debit,"ACCEL, STAR, VISA",Yes,0.12,Yes,true
8ad09564-3cd7-4419-9b22-8c4b11786c27,47,2025-06-18T09:30:22.669Z,N/A,26,N/A,N/A,"FAILED_HS_HTTP_HTTP 429: ""<!DOCTYPE html>\n<html>\n<head>\n  <title>Rate Limit Exceeded</title>\n</head>\n<body>\n  <h1>Rate Limit Exceeded</h1>\n  <p>Too Many Requests - You have exceeded the rate limit. Please try again aft",Regulated Debit,debit,N/A,No,0,N/A,N/A
8ad09564-3cd7-4419-9b22-8c4b11786c27,47,2025-06-18T09:30:23.879Z,pay_pc8IWzcPoIKjFPfAbicW,97,Accel,440000,succeeded,Regulated Debit,debit,"ACCEL, STAR, VISA",Yes,0.12,Yes,true
8ad09564-3cd7-4419-9b22-8c4b11786c27,47,2025-06-18T09:30:26.406Z,pay_SAivCcYGkihyek8w6scW,8,Star,440000,succeeded,Regulated Debit,debit,"STAR, VISA, ACCEL",Yes,0.1,Yes,true
8ad09564-3cd7-4419-9b22-8c4b11786c27,47,2025-06-18T09:30:28.461Z,pay_9JhIiMfw66ROCDdTQi75,73,Mastercard,555555,succeeded,Credit,credit,N/A,No,0,No,N/A
8ad09564-3cd7-4419-9b22-8c4b11786c27,47,2025-06-18T09:30:30.086Z,pay_2tEB056WczmD9yclCC0R,17,Star,440000,succeeded,Regulated Debit,debit,"STAR, ACCEL, VISA",Yes,0.07,Yes,true
8ad09564-3cd7-4419-9b22-8c4b11786c27,47,2025-06-18T09:30:31.896Z,pay_LD9Wwr1dmigT4xC6cBmb,33,Accel,440000,succeeded,Regulated Debit,debit,"ACCEL, STAR, VISA",Yes,0.08,Yes,true
8ad09564-3cd7-4419-9b22-8c4b11786c27,47,2025-06-18T09:30:33.541Z,pay_V20mkkToUv2Wlsopvii0,85,Accel,440000,succeeded,Regulated Debit,debit,"ACCEL, STAR, VISA",Yes,0.11,Yes,true
8ad09564-3cd7-4419-9b22-8c4b11786c27,47,2025-06-18T09:30:35.767Z,pay_UilewcYLvIyAz72hz9Sb,71,Mastercard,555555,succeeded,Credit,credit,N/A,No,0,No,N/A
8ad09564-3cd7-4419-9b22-8c4b11786c27,47,2025-06-18T09:30:38.275Z,pay_3pOFU26eMyKDlhCS9ta4,88,Mastercard,555555,succeeded,Credit,credit,N/A,No,0,No,N/A
8ad09564-3cd7-4419-9b22-8c4b11786c27,47,2025-06-18T09:30:39.869Z,pay_GZIqN08pXNiVrr6YJUPB,7,Accel,500251,succeeded,Unregulated Debit,debit,"ACCEL, STAR, MASTERCARD",Yes,1.82,Yes,false
8ad09564-3cd7-4419-9b22-8c4b11786c27,48,2025-06-18T09:30:22.669Z,pay_pqs5r9TUFcUyKChVvgM2,9,Star,440000,succeeded,Regulated Debit,debit,"STAR, VISA, ACCEL",Yes,0.09,Yes,true
8ad09564-3cd7-4419-9b22-8c4b11786c27,48,2025-06-18T09:30:26.298Z,pay_UfArQ2decF7iySpXYigh,9,Star,440000,succeeded,Regulated Debit,debit,"STAR, VISA, ACCEL",Yes,0.09,Yes,true
8ad09564-3cd7-4419-9b22-8c4b11786c27,48,2025-06-18T09:30:28.432Z,pay_RFOrjnQr4nUaXbBvvgQH,69,Accel,440000,succeeded,Regulated Debit,debit,"ACCEL, STAR, VISA",Yes,0.11,Yes,true
8ad09564-3cd7-4419-9b22-8c4b11786c27,48,2025-06-18T09:30:30.394Z,pay_X826DXpqF5Sjdgg2ajvd,22,Star,440000,succeeded,Regulated Debit,debit,"STAR, ACCEL, VISA",Yes,0.06,Yes,true
8ad09564-3cd7-4419-9b22-8c4b11786c27,48,2025-06-18T09:30:32.243Z,pay_L9AfNGKe6TogKiF4Fb2k,61,Accel,440000,succeeded,Regulated Debit,debit,"ACCEL, STAR, VISA",Yes,0.1,Yes,true
8ad09564-3cd7-4419-9b22-8c4b11786c27,48,2025-06-18T09:30:34.223Z,pay_4KcYqv90QoccccMkEfYu,50,Accel,440000,succeeded,Regulated Debit,debit,"ACCEL, STAR, VISA",Yes,0.1,Yes,true
8ad09564-3cd7-4419-9b22-8c4b11786c27,48,2025-06-18T09:30:35.954Z,pay_lmzIHxnfEakzZ3mING2C,40,Accel,440000,succeeded,Regulated Debit,debit,"ACCEL, STAR, VISA",Yes,0.09,Yes,true
8ad09564-3cd7-4419-9b22-8c4b11786c27,48,2025-06-18T09:30:38.202Z,pay_IAM4bNTFwa145jNzPBOP,78,Accel,500251,succeeded,Unregulated Debit,debit,"ACCEL, STAR, MASTERCARD",Yes,0.39,Yes,false
8ad09564-3cd7-4419-9b22-8c4b11786c27,48,2025-06-18T09:30:40.042Z,pay_hLvzDjpNlWVQqHX4VvDV,85,Accel,440000,succeeded,Regulated Debit,debit,"ACCEL, STAR, VISA",Yes,0.11,Yes,true
8ad09564-3cd7-4419-9b22-8c4b11786c27,48,2025-06-18T09:30:41.716Z,pay_APqLniKYyReV2uwMcnlW,80,Visa,411111,succeeded,Not Co-badged Debit,debit,N/A,No,0,No,N/A
8ad09564-3cd7-4419-9b22-8c4b11786c27,49,2025-06-18T09:30:22.670Z,pay_ZrNE6XCDCJn1RkcdXcKX,46,Accel,440000,succeeded,Regulated Debit,debit,"ACCEL, STAR, VISA",Yes,0.09,Yes,true
8ad09564-3cd7-4419-9b22-8c4b11786c27,49,2025-06-18T09:30:25.324Z,pay_8CH1TuxrE8WdGEF16go8,62,Accel,440000,succeeded,Regulated Debit,debit,"ACCEL, STAR, VISA",Yes,0.11,Yes,true
8ad09564-3cd7-4419-9b22-8c4b11786c27,49,2025-06-18T09:30:27.401Z,pay_VNbONxqiswS3oKAOtR6q,86,Accel,440000,succeeded,Regulated Debit,debit,"ACCEL, STAR, VISA",Yes,0.11,Yes,true
8ad09564-3cd7-4419-9b22-8c4b11786c27,49,2025-06-18T09:30:29.263Z,pay_dYJB6bPJBFuPORThepYW,34,Nyce,400003,succeeded,Unregulated Debit (Special),debit,"NYCE, PULSE, VISA",Yes,0.22,Yes,false
8ad09564-3cd7-4419-9b22-8c4b11786c27,49,2025-06-18T09:30:31.340Z,pay_OdZkqmAacztzcBOTG00H,7,Visa,400003,succeeded,Global Cheaper (Special),debit,"VISA, PULSE, NYCE",Yes,0,No,false
8ad09564-3cd7-4419-9b22-8c4b11786c27,49,2025-06-18T09:30:33.363Z,pay_lHT39QdMUnUjklH1SKvM,34,Accel,440000,succeeded,Regulated Debit,debit,"ACCEL, STAR, VISA",Yes,0.08,Yes,true
8ad09564-3cd7-4419-9b22-8c4b11786c27,49,2025-06-18T09:30:35.218Z,pay_28DG9AtKfrtBxdyxQZDi,62,Visa,411111,succeeded,Not Co-badged Debit,debit,N/A,No,0,No,N/A
8ad09564-3cd7-4419-9b22-8c4b11786c27,49,2025-06-18T09:30:37.016Z,pay_EGj1xnvXV2IP5pxiccoh,20,Accel,500251,succeeded,Unregulated Debit,debit,"ACCEL, STAR, MASTERCARD",Yes,0.8,Yes,false
8ad09564-3cd7-4419-9b22-8c4b11786c27,49,2025-06-18T09:30:38.904Z,pay_9RFN3svNfq1Ll31sovOt,12,Accel,500251,succeeded,Unregulated Debit,debit,"ACCEL, STAR, MASTERCARD",Yes,1.17,Yes,false
8ad09564-3cd7-4419-9b22-8c4b11786c27,49,2025-06-18T09:30:40.751Z,pay_iePf1jaU1ytWJ88ZYZsU,89,Accel,440000,succeeded,Regulated Debit,debit,"ACCEL, STAR, VISA",Yes,0.12,Yes,true
8ad09564-3cd7-4419-9b22-8c4b11786c27,50,2025-06-18T09:30:22.671Z,pay_IoCtpcgUuXFy8L0WVwfq,83,Accel,440000,succeeded,Regulated Debit,debit,"ACCEL, STAR, VISA",Yes,0.11,Yes,true
8ad09564-3cd7-4419-9b22-8c4b11786c27,50,2025-06-18T09:30:25.193Z,pay_G97qAtxRZc5AkU7Jr9nA,27,Visa,411111,succeeded,Not Co-badged Debit,debit,N/A,No,0,No,N/A
8ad09564-3cd7-4419-9b22-8c4b11786c27,50,2025-06-18T09:30:27.191Z,pay_Dyhvsuht42Jyft3tWMlY,76,Mastercard,555555,succeeded,Credit,credit,N/A,No,0,No,N/A
8ad09564-3cd7-4419-9b22-8c4b11786c27,50,2025-06-18T09:30:28.835Z,pay_eBOuUL2SlVT8LwZmAyno,88,Accel,440000,succeeded,Regulated Debit,debit,"ACCEL, STAR, VISA",Yes,0.11,Yes,true
8ad09564-3cd7-4419-9b22-8c4b11786c27,50,2025-06-18T09:30:30.925Z,pay_ImDK4rvaH6ms0WAn7pVP,16,Star,440000,succeeded,Regulated Debit,debit,"STAR, ACCEL, VISA",Yes,0.07,Yes,true
8ad09564-3cd7-4419-9b22-8c4b11786c27,50,2025-06-18T09:30:32.692Z,pay_rGAZU35KpMHTDFIMBefz,2,Star,440000,succeeded,Regulated Debit,debit,"STAR, VISA, ACCEL",Yes,0.29,Yes,true
8ad09564-3cd7-4419-9b22-8c4b11786c27,50,2025-06-18T09:30:34.542Z,pay_rjqZkm8cGz2jX5OxG1bE,20,Star,440000,succeeded,Regulated Debit,debit,"STAR, ACCEL, VISA",Yes,0.06,Yes,true
8ad09564-3cd7-4419-9b22-8c4b11786c27,50,2025-06-18T09:30:36.696Z,pay_o5GmSnvjNhySZSRdw41E,13,Star,440000,succeeded,Regulated Debit,debit,"STAR, VISA, ACCEL",Yes,0.08,Yes,true
8ad09564-3cd7-4419-9b22-8c4b11786c27,50,2025-06-18T09:30:38.383Z,pay_q12nt6hUuSMRdNd2Y4fb,49,Accel,440000,succeeded,Regulated Debit,debit,"ACCEL, STAR, VISA",Yes,0.1,Yes,true
8ad09564-3cd7-4419-9b22-8c4b11786c27,50,2025-06-18T09:30:40.270Z,pay_tf9RhDsoaSMsYfejhWJF,28,Accel,440000,succeeded,Regulated Debit,debit,"ACCEL, STAR, VISA",Yes,0.07,Yes,true
